Transaction_ID;Date_Commande;Client_ID;Produit_ID;Commercial_ID;Quantite;Prix_Unitaire;Remise_Pct;Canal;Statut_Commande
V00001;2025-09-18;C0135;P001;COM06;8;433,97 €;10,0%;Téléphone;Livrée
V00002;2026-03-29;C0102;P030;COM08;12;142,06 €;15,0%;Commercial terrain;Livrée
V00003;2026-01-29;C0143;P017;COM07;7;46,11 €;8,0%;Commercial terrain;Livrée
V00004;2025-01-23;C0117;P001;COM06;10;432,00 €;15,0%;E-commerce;Annulée
V00005;2026-05-24;C0082;P024;COM03;4;308,49 €;8,0%;Commercial terrain;Livrée
V00006;2025-04-10;C0012;P031;COM10;1;181,72 €;10,0%;Téléphone;Livrée
V00007;2025-10-30;C0095;P013;COM10;4;52,54 €;8,0%;Commercial terrain;Annulée
V00008;2026-05-29;C0077;P018;COM03;8;76,68 €;3,0%;Commercial terrain;Livrée
V00009;2026-04-25;C0021;P016;COM01;11;75,17 €;5,0%;Commercial terrain;Livrée
V00010;2026-02-09;C0005;P037;COM02;2;197,09 €;10,0%;Commercial terrain;Annulée
V00011;2026-01-26;C0111;P016;COM09;8;68,43 €;8,0%;Commercial terrain;Annulée
V00012;2025-08-15;C0018;P021;COM04;11;302,93 €;0,0%;E-commerce;Livrée
V00013;2025-11-08;C0146;P007;COM05;4;387,79 €;0,0%;Partenaire;En cours
V00014;2026-01-15;C0124;P029;COM03;11;151,36 €;5,0%;Partenaire;Livrée
V00015;2025-02-03;C0109;P031;COM03;8;190,52 €;15,0%;Commercial terrain;Livrée
V00016;2026-01-12;C0105;P027;COM09;5;186,81 €;0,0%;Partenaire;Livrée
V00017;2025-08-06;C0007;P023;COM09;4;222,96 €;15,0%;Téléphone;Livrée
V00018;2026-07-22;C0056;P016;COM01;6;75,65 €;15,0%;E-commerce;Livrée
V00019;2025-05-29;C0036;P013;COM08;2;56,39 €;0,0%;Téléphone;Livrée
V00020;2026-01-02;C0068;P002;COM04;3;740,46 €;0,0%;Partenaire;Annulée
V00021;2025-04-27;C0018;P031;COM04;6;180,15 €;0,0%;Partenaire;Annulée
V00022;2025-08-15;C0013;P032;COM10;11;148,80 €;0,0%;Partenaire;En cours
V00023;2026-03-13;C0029;P031;COM04;2;189,31 €;3,0%;Téléphone;Livrée
V00024;2025-05-10;C0078;P026;COM06;10;313,85 €;5,0%;Partenaire;Livrée
V00025;2025-04-28;C0059;P031;COM04;4;177,79 €;15,0%;Partenaire;En cours
V00026;2026-03-02;C0026;P030;COM06;6;150,10 €;3,0%;Téléphone;En cours
V00027;2025-03-10;C0025;P006;COM09;7;471,10 €;10,0%;Commercial terrain;Livrée
V00028;2026-07-24;C0017;P009;COM10;7;546,38 €;10,0%;Partenaire;Livrée
V00029;2025-10-22;C0088;P007;COM10;10;369,29 €;0,0%;Partenaire;Livrée
V00030;2025-04-21;C0103;P009;COM08;5;562,59 €;15,0%;Partenaire;Annulée
V00031;2026-07-25;C0008;P002;COM08;3;741,26 €;15,0%;Commercial terrain;Livrée
V00032;2025-12-26;C0003;P011;COM03;10;41,25 €;0,0%;Téléphone;Livrée
V00033;2025-04-04;C0059;P029;COM04;8;156,46 €;3,0%;Commercial terrain;Livrée
V00034;2026-08-05;C0023;P011;COM09;3;41,77 €;0,0%;E-commerce;Livrée
V00035;2026-03-30;C0125;P031;COM04;7;174,45 €;15,0%;E-commerce;Livrée
V00036;2026-03-17;C0030;P034;COM06;9;165,20 €;0,0%;Téléphone;En cours
V00037;2026-09-06;C0016;P015;COM05;5;41,92 €;15,0%;Téléphone;Livrée
V00038;2025-10-24;C0095;P001;COM09;8;425,58 €;0,0%;Téléphone;En cours
V00039;2026-06-30;C0065;P005;COM06;7;398,37 €;0,0%;Partenaire;Livrée
V00040;2026-04-16;C0021;P040;COM02;7;155,44 €;10,0%;Partenaire;Livrée
V00041;2025-04-28;C0120;P022;COM03;3;184,48 €;8,0%;Partenaire;Livrée
V00042;2025-04-01;C0128;P017;COM01;7;46,21 €;8,0%;E-commerce;En cours
V00043;2025-11-14;C0099;P023;COM09;3;197,74 €;10,0%;E-commerce;Annulée
V00044;2026-06-07;C0052;P024;COM10;12;321,35 €;10,0%;Téléphone;Livrée
V00045;2025-04-16;C0040;P014;COM10;3;42,69 €;15,0%;E-commerce;Livrée
V00046;2026-05-21;C0136;P040;COM10;11;156,69 €;8,0%;Commercial terrain;Livrée
V00047;2025-06-04;C0129;P999;COM07;8;228,21 €;15,0%;Commercial terrain;Annulée
V00048;2025-02-27;C0104;P021;COM01;8;304,69 €;;Commercial terrain;Livrée
V00049;2025-03-20;C0025;P032;COM10;10;141,22 €;15,0%;E-commerce;En cours
V00050;2026-08-09;C0051;P033;COM08;9;213,99 €;0,0%;Partenaire;Livrée
V00051;2025-12-18;C0023;P003;COM09;4;599,95 €;5,0%;Téléphone;Livrée
V00052;2026-01-17;C0080;P029;COM04;6;163,59 €;0,0%;Commercial terrain;Livrée
V00053;2025-12-04;C0026;P020;COM06;5;50,16 €;10,0%;Téléphone;Livrée
V00054;2025-03-25;C0039;P021;COM06;11;314,67 €;5,0%;Téléphone;Annulée
V00055;2025-03-28;C0088;P023;COM10;3;214,15 €;15,0%;E-commerce;En cours
V00056;2026-06-05;C0106;P025;COM03;5;268,65 €;0,0%;Commercial terrain;En cours
V00057;2025-07-16;C0063;P011;COM01;2;39,33 €;15,0%;E-commerce;Annulée
V00058;2026-07-07;C0011;P010;COM04;10;404,24 €;0,0%;Téléphone;Annulée
V00059;2025-06-19;C0129;P029;COM07;6;163,54 €;0,0%;Partenaire;Annulée
V00060;2025-10-19;C0132;P037;COM01;4;193,28 €;15,0%;Partenaire;Livrée
V00061;2026-01-12;C0129;P020;COM08;7;48,74 €;5,0%;Téléphone;Livrée
V00062;2026-09-12;C0038;P004;COM04;11;662,00 €;3,0%;E-commerce;Annulée
V00063;2025-05-08;C0080;P012;COM03;5;65,63 €;8,0%;Téléphone;En cours
V00064;2025-04-04;C0062;P024;COM06;1;299,62 €;5,0%;Commercial terrain;Livrée
V00065;2026-01-31;C0022;P016;COM04;1;71,26 €;0,0%;Commercial terrain;Livrée
V00066;2025-05-21;C0011;P033;COM04;12;234,13 €;15,0%;Partenaire;En cours
V00067;2025-01-06;C0022;P018;COM03;4;75,41 €;8,0%;Partenaire;Livrée
V00068;2025-10-23;C0068;P009;COM04;1;537,91 €;10,0%;Partenaire;Livrée
V00069;2025-04-24;C0147;P035;COM07;10;123,26 €;0,0%;Commercial terrain;En cours
V00070;2025-01-02;C0104;P040;COM01;7;147,59 €;10,0%;E-commerce;Annulée
V00071;2026-01-05;C0019;P026;COM03;8;293,76 €;5,0%;Commercial terrain;Livrée
V00072;2025-01-17;C0105;P024;COM09;4;312,34 €;10,0%;E-commerce;Annulée
V00073;2025-12-07;C0037;P024;COM01;9;296,57 €;10,0%;Téléphone;En cours
V00074;2026-05-06;C0049;P005;COM09;12;394,08 €;5,0%;E-commerce;Livrée
V00075;2025-07-26;C0013;P003;COM09;6;617,35 €;8,0%;Partenaire;Annulée
V00076;2026-04-30;C0072;P014;COM09;5;41,32 €;15,0%;E-commerce;Livrée
V00077;2025-10-07;C0034;P030;COM04;7;151,62 €;5,0%;Commercial terrain;Livrée
V00078;2026-05-24;C0147;P036;COM08;5;131,65 €;10,0%;Partenaire;Livrée
V00079;2026-03-17;C0049;P022;COM10;2;167,59 €;10,0%;Commercial terrain;Livrée
V00080;2026-04-02;C0126;P031;COM09;6;178,58 €;10,0%;Commercial terrain;Annulée
V00081;2026-03-22;C0078;P005;COM05;11;387,12 €;3,0%;Téléphone;Livrée
V00082;2025-05-27;C0129;P010;COM07;2;396,60 €;10,0%;Commercial terrain;Livrée
V00083;2026-01-28;C0010;P031;COM01;6;176,79 €;15,0%;E-commerce;Annulée
V00084;2025-05-21;C0108;P022;COM06;11;172,25 €;0,0%;E-commerce;Livrée
V00085;2026-05-27;C0115;P018;COM03;5;74,17 €;0,0%;Commercial terrain;En cours
V00086;2025-07-24;C0034;P005;COM03;8;363,79 €;10,0%;Partenaire;Livrée
V00087;2025-11-24;C0102;P039;COM07;9;135,79 €;3,0%;Téléphone;Livrée
V00088;2026-01-06;C0150;P009;COM07;4;578,62 €;0,0%;Partenaire;Livrée
V00089;2026-01-05;C0109;P039;COM04;3;141,72 €;0,0%;E-commerce;Livrée
V00090;2026-02-12;C0142;P029;COM06;10;150,83 €;3,0%;E-commerce;En cours
V00091;2026-04-23;C0102;P039;COM07;11;141,27 €;15,0%;Téléphone;En cours
V00092;2026-05-30;C0016;P036;COM05;3;123,35 €;0,0%;Commercial terrain;Livrée
V00093;2025-12-21;C0080;P018;COM03;4;73,51 €;8,0%;Commercial terrain;Livrée
V00094;2025-11-07;C0025;P011;COM09;3;41,26 €;10,0%;Commercial terrain;Annulée
V00095;2025-02-12;C0009;P003;COM01;11;604,83 €;3,0%;Téléphone;Annulée
V00096;2026-03-03;C0009;P037;COM02;5;201,98 €;3,0%;Partenaire;Livrée
V00097;2026-02-20;C0085;P005;COM04;12;358,14 €;5,0%;Partenaire;En cours
V00098;2026-04-21;C0055;P011;COM10;6;42,34 €;3,0%;Commercial terrain;En cours
V00099;2025-05-14;C0109;P022;COM03;4;176,64 €;3,0%;Partenaire;Livrée
V00100;2025-05-25;C0026;P020;COM05;7;51,06 €;5,0%;Téléphone;Livrée
V00101;2025-12-02;C0089;P012;COM07;8;70,40 €;5,0%;Partenaire;Livrée
V00102;2026-05-25;C0007;P027;COM09;9;193,68 €;0,0%;Téléphone;Annulée
V00103;2025-12-28;C0014;P020;COM05;8;49,35 €;15,0%;Partenaire;Livrée
V00104;2026-07-04;C0004;P030;COM09;3;154,32 €;10,0%;Commercial terrain;En cours
V00105;2026-01-10;C0013;P004;COM10;10;669,12 €;3,0%;Commercial terrain;Livrée
V00106;2026-01-31;C0149;P039;COM02;5;145,65 €;8,0%;E-commerce;Livrée
V00107;2025-04-10;C0116;P023;COM10;9;221,58 €;15,0%;Téléphone;Livrée
V00108;2026-09-09;C0150;P035;COM08;1;119,95 €;0,0%;Commercial terrain;En cours
V00109;2026-06-16;C0134;P035;COM09;3;124,71 €;8,0%;Commercial terrain;Livrée
V00110;2026-02-07;C0085;P035;COM04;9;128,15 €;10,0%;Commercial terrain;En cours
V00111;2025-01-18;C0109;P009;COM04;7;563,30 €;15,0%;E-commerce;Annulée
V00112;2026-05-01;C0075;P004;COM01;10;661,99 €;8,0%;Partenaire;Livrée
V00113;2025-09-06;C0010;P014;COM01;1;41,79 €;5,0%;Téléphone;En cours
V00114;2025-07-28;C0122;P004;COM06;12;632,00 €;0,0%;Commercial terrain;En cours
V00115;2026-06-23;C0112;P013;COM02;8;58,22 €;3,0%;Commercial terrain;Livrée
V00116;2026-05-11;C0052;P019;COM09;9;71,56 €;3,0%;Commercial terrain;Livrée
V00117;2026-05-16;C0091;P024;COM06;9;320,37 €;15,0%;Commercial terrain;Livrée
V00118;2025-05-05;C0113;P024;COM08;3;294,64 €;3,0%;E-commerce;Livrée
V00119;2026-03-29;C0073;P015;COM08;4;41,31 €;3,0%;Commercial terrain;Livrée
V00120;2025-04-22;C0069;P004;COM09;11;699,20 €;0,0%;Téléphone;Livrée
V00121;2025-04-13;C0122;P033;COM06;2;229,69 €;0,0%;E-commerce;Annulée
V00122;2025-06-11;C0121;P033;COM02;11;215,43 €;3,0%;Commercial terrain;Livrée
V00123;2025-03-02;C0024;P037;COM03;12;204,11 €;0,0%;Téléphone;En cours
V00124;2025-06-30;C0011;P034;COM04;3;170,95 €;15,0%;Commercial terrain;Livrée
V00125;2025-01-10;C0085;P023;COM03;5;208,19 €;10,0%;Partenaire;Livrée
V00126;2026-06-01;C0137;P014;COM02;2;41,18 €;10,0%;Partenaire;Livrée
V00127;2025-07-10;C0005;P020;COM02;10;49,84 €;0,0%;Téléphone;Annulée
V00128;2026-02-20;C0126;P006;COM10;7;508,71 €;0,0%;Téléphone;En cours
V00129;2025-11-28;C0071;P018;COM07;7;69,70 €;15,0%;Commercial terrain;Livrée
V00130;2025-11-06;C0004;P025;COM10;12;270,73 €;10,0%;E-commerce;En cours
V00131;2025-11-11;C0043;P035;COM08;12;132,15 €;10,0%;E-commerce;Livrée
V00132;2026-01-12;C0062;P010;COM05;8;392,11 €;10,0%;Commercial terrain;En cours
V00133;2026-07-17;C0139;P017;COM05;11;47,21 €;15,0%;E-commerce;Annulée
V00134;2026-04-03;C0106;P040;COM03;2;145,04 €;8,0%;Téléphone;Annulée
V00135;2026-07-04;C0041;P022;COM03;9;176,07 €;10,0%;Téléphone;Annulée
V00136;2026-05-16;C0025;P004;COM10;8;631,46 €;5,0%;Partenaire;Annulée
V00137;2025-03-01;C0136;P002;COM10;7;739,36 €;0,0%;Téléphone;Annulée
V00138;2025-03-16;C0013;P024;COM10;12;285,58 €;0,0%;E-commerce;En cours
V00139;2025-02-02;C0082;P013;COM04;3;57,16 €;10,0%;Partenaire;Livrée
V00140;2026-01-27;C0132;P026;COM02;2;320,13 €;10,0%;Téléphone;Livrée
V00141;2025-05-02;C0048;P036;COM10;3;130,43 €;0,0%;E-commerce;Livrée
V00142;2025-11-02;C0136;P037;COM10;7;206,73 €;0,0%;Partenaire;Livrée
V00143;2025-06-08;C0078;P009;COM05;1;579,90 €;5,0%;E-commerce;Livrée
V00144;2025-07-31;C0019;P003;COM03;8;591,48 €;10,0%;E-commerce;Livrée
V00145;2025-02-15;C0119;P016;COM04;9;70,28 €;15,0%;E-commerce;Livrée
V00146;2026-05-31;C0083;P040;COM09;6;155,52 €;15,0%;Commercial terrain;Livrée
V00147;2025-11-06;C0039;P029;COM05;5;155,07 €;8,0%;Téléphone;En cours
V00148;2026-07-24;C0146;P024;COM05;11;309,88 €;15,0%;Commercial terrain;En cours
V00149;2026-02-23;C0041;P026;COM04;3;323,09 €;5,0%;Téléphone;Livrée
V00150;2025-11-04;C0039;P004;COM06;9;656,05 €;5,0%;Téléphone;En cours
V00151;2025-09-06;C0073;P023;COM07;11;197,81 €;5,0%;Commercial terrain;Livrée
V00152;2026-07-03;C0051;P019;COM07;7;75,20 €;8,0%;E-commerce;Livrée
V00153;2025-07-12;C0059;P015;COM04;6;38,57 €;0,0%;Téléphone;Livrée
V00154;2025-05-01;C0142;P015;COM05;7;41,77 €;8,0%;Commercial terrain;Livrée
V00155;2026-01-25;C0137;P021;COM02;5;300,96 €;5,0%;Partenaire;Livrée
V00156;2026-04-26;C0091;P025;COM05;6;277,30 €;8,0%;Téléphone;Livrée
V00157;2025-01-17;C0074;P020;COM04;3;46,76 €;0,0%;Partenaire;Annulée
V00158;2025-09-09;C0147;P018;COM08;8;76,67 €;10,0%;Partenaire;En cours
V00159;2025-06-22;C0104;P010;COM01;12;413,45 €;0,0%;E-commerce;Annulée
V00160;2025-02-04;C0021;P001;COM01;7;392,43 €;10,0%;Téléphone;Livrée
V00161;2025-06-04;C0004;P035;COM09;8;125,47 €;8,0%;Partenaire;En cours
V00162;2025-01-17;C0003;P001;COM04;1;413,74 €;3,0%;Commercial terrain;Livrée
V00163;2026-05-30;C0127;P007;COM05;2;370,12 €;0,0%;Téléphone;Annulée
V00164;2026-06-24;C0072;P019;COM10;7;69,43 €;5,0%;Partenaire;Annulée
V00165;2025-09-07;C0063;P006;COM02;11;529,88 €;10,0%;E-commerce;Livrée
V00166;2026-02-20;C0113;P039;COM08;8;131,47 €;0,0%;Téléphone;Livrée
V00167;2026-05-27;C0128;P040;COM02;2;161,97 €;0,0%;Téléphone;Livrée
V00168;2026-08-04;C0140;P003;COM06;2;598,16 €;3,0%;E-commerce;Livrée
V00169;2025-11-19;C0006;P011;COM05;12;42,13 €;0,0%;Commercial terrain;Livrée
V00170;2026-08-01;C0069;P037;COM10;6;195,23 €;10,0%;Téléphone;Livrée
V00171;2026-05-28;C0102;P007;COM07;7;355,89 €;0,0%;Commercial terrain;Annulée
V00172;2026-09-02;C0117;P002;COM06;11;741,26 €;5,0%;Partenaire;Livrée
V00173;2025-12-31;C0112;P013;COM02;11;55,84 €;5,0%;E-commerce;Annulée
V00174;2025-10-30;C0071;P006;COM07;5;474,88 €;;Téléphone;En cours
V00175;2025-11-21;C0106;P006;COM03;1;526,68 €;5,0%;Commercial terrain;Livrée
V00176;2025-04-15;C0036;P013;COM07;7;54,85 €;8,0%;Partenaire;Livrée
V00177;2025-01-27;C0024;P039;COM04;2;141,44 €;15,0%;Commercial terrain;En cours
V00178;2025-01-13;C0083;P026;COM10;2;321,87 €;8,0%;Téléphone;Annulée
V00179;2026-06-18;C0046;P012;COM10;3;64,06 €;3,0%;Partenaire;Livrée
V00180;2025-03-06;C0045;P019;COM02;7;71,57 €;15,0%;E-commerce;Livrée
V00181;2025-09-15;C0071;P014;COM08;8;39,93 €;3,0%;E-commerce;En cours
V00182;2025-12-07;C0113;P031;COM08;6;178,18 €;15,0%;Téléphone;Livrée
V00183;2025-11-25;C0054;P022;COM10;3;188,31 €;3,0%;Commercial terrain;En cours
V00184;2026-08-13;C0070;P026;COM02;5;325,65 €;5,0%;Commercial terrain;Livrée
V00185;2026-08-01;C0054;P039;COM09;1;148,00 €;5,0%;Téléphone;En cours
V00186;2025-10-26;C0019;P034;COM04;3;164,48 €;0,0%;Commercial terrain;Livrée
V00187;2026-03-10;C0112;P031;COM01;10;179,34 €;5,0%;Partenaire;Annulée
V00188;2025-02-07;C0106;P007;COM03;4;376,61 €;3,0%;Téléphone;Annulée
V00189;2025-02-15;C0119;P030;COM04;2;137,41 €;3,0%;Téléphone;Annulée
V00190;2026-06-16;C0062;P025;COM06;7;279,12 €;10,0%;Téléphone;Livrée
V00191;2025-01-26;C0143;P020;COM07;7;51,42 €;0,0%;E-commerce;Livrée
V00192;2025-12-23;C0088;P032;COM10;4;140,61 €;3,0%;Partenaire;Livrée
V00193;2026-03-25;C0133;P005;COM04;5;357,37 €;10,0%;E-commerce;Livrée
V00194;2025-12-18;C0029;P017;COM03;9;43,71 €;0,0%;Commercial terrain;Annulée
V00195;2026-03-13;C0136;P027;COM09;11;186,67 €;10,0%;Partenaire;En cours
V00196;2025-01-30;C0053;P030;COM06;7;137,30 €;0,0%;Téléphone;Livrée
V00197;2025-03-06;C0028;P025;COM07;6;269,27 €;0,0%;Commercial terrain;En cours
V00198;2026-06-25;C0089;P027;COM08;10;184,87 €;3,0%;Partenaire;Annulée
V00199;2025-06-26;C0085;P010;COM03;6;390,20 €;3,0%;E-commerce;Livrée
V00200;2026-01-18;C0039;P029;COM06;10;152,18 €;5,0%;Partenaire;Livrée
V00201;2026-05-14;C0047;P034;COM01;5;153,96 €;3,0%;Partenaire;Annulée
V00202;2025-02-24;C0105;P034;COM09;3;155,13 €;5,0%;Partenaire;En cours
V00203;2026-05-19;C0123;P034;COM10;3;152,74 €;0,0%;Téléphone;Livrée
V00204;2025-02-03;C0078;P037;COM05;5;189,59 €;5,0%;Partenaire;Annulée
V00205;2026-06-08;C0030;P019;COM05;9;76,65 €;3,0%;E-commerce;En cours
V00206;2026-07-14;C0059;P007;COM04;12;385,00 €;15,0%;Téléphone;Livrée
V00207;2025-02-03;C0133;P024;COM04;2;300,59 €;0,0%;Téléphone;Livrée
V00208;2026-08-26;C0103;P012;COM08;10;62,93 €;0,0%;Téléphone;Livrée
V00209;2026-08-07;C0103;P037;COM08;3;193,66 €;10,0%;Commercial terrain;Livrée
V00210;2026-08-10;C0076;P010;COM05;7;433,63 €;3,0%;Téléphone;Livrée
V00211;2025-09-13;C0040;P017;COM10;11;45,03 €;0,0%;Commercial terrain;En cours
V00212;2026-01-20;C0133;P006;COM03;7;498,62 €;3,0%;Commercial terrain;En cours
V00213;2026-05-15;C0095;P006;COM09;12;528,60 €;10,0%;Commercial terrain;Livrée
V00214;2026-07-02;C0117;P030;COM05;4;146,80 €;3,0%;Commercial terrain;Livrée
V00215;2026-07-15;C0036;P023;COM08;11;216,70 €;0,0%;E-commerce;En cours
V00216;2025-01-17;C0034;P031;COM03;8;167,98 €;5,0%;Téléphone;Livrée
V00217;2025-11-06;C0043;P006;COM08;11;488,43 €;0,0%;Commercial terrain;Livrée
V00218;2025-02-23;C0117;P016;COM06;7;74,51 €;10,0%;E-commerce;Livrée
V00219;2025-08-07;C0142;P010;COM05;10;396,07 €;10,0%;Partenaire;Livrée
V00220;2025-01-09;C0101;P030;COM07;12;139,77 €;0,0%;Téléphone;En cours
V00221;2025-04-02;C0028;P022;COM07;6;186,35 €;0,0%;Partenaire;Livrée
V00222;2025-05-27;C0019;P012;COM03;8;64,78 €;0,0%;Téléphone;En cours
V00223;2026-03-30;C0059;P007;COM03;3;381,22 €;8,0%;Partenaire;Livrée
V00224;2026-03-16;C0089;P017;;5;46,55 €;0,0%;Commercial terrain;Livrée
V00225;2025-11-05;C0055;P027;COM09;5;198,54 €;15,0%;Téléphone;En cours
V00226;2026-01-31;C0030;P034;COM05;11;163,64 €;8,0%;E-commerce;Livrée
V00227;2025-11-21;C0036;P040;COM08;7;151,21 €;10,0%;Téléphone;En cours
V00228;2025-03-16;C0006;P001;COM05;5;396,68 €;0,0%;Partenaire;Annulée
V00229;2025-10-21;C0148;P030;COM08;12;145,01 €;10,0%;Téléphone;Livrée
V00230;2025-03-27;C0088;P035;COM09;4;135,59 €;0,0%;Commercial terrain;En cours
V00231;2026-08-24;C0018;P030;COM04;12;155,69 €;0,0%;E-commerce;Livrée
V00232;2025-03-30;C0128;P032;COM01;10;142,23 €;3,0%;Téléphone;Livrée
V00233;2025-01-13;C0038;P012;COM03;8;70,02 €;8,0%;Commercial terrain;Livrée
V00234;2026-01-16;C0035;P009;COM08;1;545,01 €;5,0%;Commercial terrain;Annulée
V00235;2025-03-07;C0075;P034;COM01;8;161,87 €;0,0%;Partenaire;Annulée
V00236;2025-06-20;C0109;P018;COM03;2;75,98 €;10,0%;E-commerce;Livrée
V00237;2026-06-06;C0001;P001;COM01;4;387,45 €;3,0%;Partenaire;Livrée
V00238;2025-07-03;C0011;P016;COM04;6;70,58 €;10,0%;Commercial terrain;Livrée
V00239;2025-03-21;C0111;P035;COM09;11;134,38 €;0,0%;Téléphone;Annulée
V00240;2025-02-17;C0119;P032;COM03;5;145,28 €;3,0%;Commercial terrain;Livrée
V00241;2026-07-21;C0134;P025;COM09;4;272,77 €;15,0%;Commercial terrain;Annulée
V00242;2025-09-06;C0136;P034;COM10;4;166,60 €;8,0%;Téléphone;Livrée
V00243;2025-01-07;C0121;P016;COM01;9;71,53 €;15,0%;E-commerce;Livrée
V00244;2025-01-02;C0112;P007;COM02;4;370,38 €;0,0%;Partenaire;En cours
V00245;2025-03-03;C0039;P006;COM06;1;525,26 €;15,0%;Partenaire;Livrée
V00246;2026-04-15;C0023;P035;COM09;3;129,92 €;5,0%;E-commerce;Annulée
V00247;2026-08-05;C0017;P010;COM10;4;399,62 €;15,0%;Commercial terrain;En cours
V00248;2025-12-01;C0091;P019;COM06;4;69,38 €;0,0%;Téléphone;Annulée
V00249;2025-04-22;C0042;P012;COM01;8;65,78 €;5,0%;E-commerce;Annulée
V00250;2026-01-02;C0056;P021;COM02;8;297,13 €;0,0%;E-commerce;Livrée
V00251;2025-11-08;C0012;P022;COM09;3;167,86 €;0,0%;Commercial terrain;En cours
V00252;2026-06-10;C0014;P018;COM06;3;67,75 €;5,0%;Partenaire;Annulée
V00253;2026-07-18;C0071;P032;COM07;2;145,84 €;0,0%;E-commerce;Livrée
V00254;2025-03-05;C0062;P014;COM05;7;41,41 €;10,0%;E-commerce;Annulée
V00255;2026-08-24;C0074;P002;COM03;2;733,64 €;10,0%;Partenaire;Livrée
V00256;2025-04-05;C0096;P003;COM07;8;549,32 €;8,0%;Partenaire;En cours
V00257;2026-05-24;C0009;P030;COM02;3;144,07 €;0,0%;Commercial terrain;Livrée
V00258;2026-04-02;C0041;P017;COM03;11;44,44 €;5,0%;Partenaire;Livrée
V00259;2025-03-31;C0079;P010;COM08;7;394,62 €;15,0%;Téléphone;Annulée
V00260;2025-01-20;C0113;P033;COM08;9;232,66 €;3,0%;Commercial terrain;En cours
V00261;2025-10-04;C0049;P022;COM09;10;170,85 €;15,0%;Commercial terrain;Livrée
V00262;2026-04-29;C0105;P012;COM09;2;63,88 €;0,0%;Commercial terrain;Annulée
V00263;2025-02-27;C0062;P024;COM06;3;290,07 €;8,0%;Commercial terrain;Livrée
V00264;2026-08-29;C0009;P040;COM02;10;146,67 €;0,0%;Partenaire;Annulée
V00265;2025-11-13;C0047;P003;COM02;2;549,74 €;8,0%;Téléphone;Livrée
V00266;2026-06-24;C0142;P023;COM05;10;201,20 €;0,0%;Commercial terrain;Livrée
V00267;2025-11-28;C0017;P011;COM09;10;41,51 €;0,0%;E-commerce;Annulée
V00268;2026-01-09;C0020;P027;COM08;10;184,53 €;3,0%;Commercial terrain;Livrée
V00269;2025-06-11;C0128;P022;COM02;3;182,28 €;8,0%;Commercial terrain;Livrée
V00270;2026-08-27;C0047;P021;COM02;12;314,27 €;0,0%;Téléphone;Livrée
V00271;2026-08-10;C0116;P013;COM09;10;53,89 €;15,0%;Téléphone;Annulée
V00272;2025-04-17;C0147;P023;COM07;12;197,78 €;3,0%;Commercial terrain;Livrée
V00273;2025-04-01;C0098;P001;COM06;5;396,35 €;10,0%;E-commerce;Livrée
V00274;2025-09-20;C0029;P004;COM03;7;658,29 €;5,0%;Téléphone;En cours
V00275;2026-05-20;C0112;P037;COM02;7;187,84 €;5,0%;Téléphone;Livrée
V00276;2026-04-08;C0020;P020;COM07;1;47,55 €;0,0%;E-commerce;Livrée
V00277;2025-06-24;C0112;P005;COM01;9;402,39 €;0,0%;Commercial terrain;Annulée
V00278;2026-05-10;C0009;P012;COM02;10;69,47 €;0,0%;E-commerce;Livrée
V00279;2025-12-06;C0055;P029;COM09;12;160,96 €;10,0%;Commercial terrain;Livrée
V00280;2025-11-01;C0068;P004;COM03;7;669,99 €;15,0%;Partenaire;Livrée
V00281;2025-02-25;C0106;P030;COM03;2;142,92 €;10,0%;Partenaire;Livrée
V00282;2025-04-10;C0008;P012;COM07;11;64,26 €;0,0%;Partenaire;Livrée
V00283;2025-11-12;C0117;P034;COM06;11;156,63 €;10,0%;Partenaire;Livrée
V00284;2026-01-15;C0113;P013;COM08;8;51,90 €;5,0%;Partenaire;Livrée
V00285;2025-08-20;C0076;P011;COM05;12;41,31 €;0,0%;Commercial terrain;Annulée
V00286;2026-02-28;C0065;P026;COM05;9;309,23 €;8,0%;Partenaire;Annulée
V00287;2025-08-30;C0140;P006;COM06;7;524,04 €;10,0%;E-commerce;Annulée
V00288;2026-08-08;C0040;P031;COM09;3;190,49 €;0,0%;Téléphone;Livrée
V00289;2025-05-10;C0012;P006;COM10;11;493,35 €;15,0%;Téléphone;Annulée
V00290;2025-09-22;C0091;P006;COM05;7;501,29 €;8,0%;Commercial terrain;Livrée
V00291;2026-06-17;C0135;P036;COM05;7;120,15 €;0,0%;Téléphone;Annulée
V00292;2026-08-26;C0027;P040;COM01;2;159,75 €;15,0%;Commercial terrain;En cours
V00293;2025-09-28;C0114;P040;COM10;10;153,40 €;0,0%;Commercial terrain;En cours
V00294;2025-05-28;C0119;P027;COM03;6;199,68 €;0,0%;Partenaire;Livrée
V00295;2026-01-17;C0007;P021;COM10;5;297,75 €;5,0%;E-commerce;Livrée
V00296;2025-05-18;C0085;P022;COM04;5;182,79 €;8,0%;E-commerce;Livrée
V00297;2026-03-29;C0057;P034;COM06;9;169,47 €;15,0%;E-commerce;Annulée
V00298;2025-06-12;C0018;P035;COM04;7;121,47 €;15,0%;E-commerce;Livrée
V00299;2025-07-17;C0054;P017;COM09;1;45,41 €;3,0%;Téléphone;Livrée
V00300;2026-01-13;C0136;P009;COM10;11;522,63 €;3,0%;Partenaire;Annulée
V00301;2026-04-02;C0048;P039;COM10;6;136,78 €;15,0%;Commercial terrain;Livrée
V00302;2025-10-19;C0009;P004;COM02;3;694,70 €;15,0%;Téléphone;Livrée
V00303;2025-08-19;C0055;P029;COM10;9;149,69 €;15,0%;E-commerce;En cours
V00304;2025-05-16;C0047;P016;COM01;5;74,05 €;3,0%;Commercial terrain;En cours
V00305;2026-01-21;C0103;P018;COM08;4;71,90 €;10,0%;Partenaire;Annulée
V00306;2025-04-15;C0003;P039;COM04;11;141,38 €;3,0%;Commercial terrain;Livrée
V00307;2026-05-09;C0018;P019;COM04;11;71,81 €;3,0%;Commercial terrain;Livrée
V00308;2025-07-12;C0041;P004;COM03;10;655,30 €;3,0%;Téléphone;Livrée
V00309;2026-05-25;C0084;P029;COM04;7;157,46 €;0,0%;Téléphone;Livrée
V00310;2025-08-16;C0140;P035;COM06;5;133,42 €;15,0%;Téléphone;Livrée
V00311;2025-04-10;C0139;P018;COM05;12;75,16 €;15,0%;Téléphone;Livrée
V00312;2025-04-02;C0062;P016;COM06;12;76,59 €;5,0%;Commercial terrain;Livrée
V00313;2025-09-24;C0084;P009;COM04;8;524,33 €;10,0%;E-commerce;En cours
V00314;2025-07-19;C0148;P026;COM07;9;304,27 €;0,0%;Téléphone;Livrée
V00315;2025-07-25;C0101;P040;COM08;8;146,70 €;15,0%;Téléphone;Livrée
V00316;2026-05-15;C0098;P022;COM05;11;167,08 €;5,0%;Commercial terrain;Livrée
V00317;2025-06-22;C0043;P006;COM08;3;505,11 €;10,0%;Partenaire;En cours
V00318;2026-03-16;C0142;P001;COM06;1;413,98 €;10,0%;Commercial terrain;Livrée
V00319;2025-11-26;C0051;P001;COM07;11;424,85 €;0,0%;Commercial terrain;Livrée
V00320;2025-05-13;C0028;P035;COM08;10;124,34 €;0,0%;E-commerce;Livrée
V00321;2025-10-25;C0134;P030;COM10;11;156,51 €;3,0%;Partenaire;Livrée
V00322;2025-07-12;C0045;P002;COM02;4;736,32 €;0,0%;Téléphone;Livrée
V00323;2026-08-27;C0149;P009;COM01;6;572,67 €;15,0%;E-commerce;En cours
V00324;2025-09-19;C0014;P007;COM05;11;385,30 €;0,0%;E-commerce;En cours
V00325;2026-03-31;C0113;P039;COM07;5;139,18 €;0,0%;Téléphone;Livrée
V00326;2025-11-05;C0124;P036;COM03;5;128,67 €;10,0%;Téléphone;En cours
V00327;2025-04-18;C0150;P020;COM07;2;50,55 €;5,0%;Téléphone;Annulée
V00328;2025-07-24;C0075;P024;COM01;12;299,42 €;0,0%;E-commerce;Annulée
V00329;2026-05-24;C0056;P023;COM02;4;195,70 €;10,0%;E-commerce;Livrée
V00330;2026-08-11;C0146;P006;COM05;9;469,68 €;10,0%;E-commerce;Livrée
V00331;2025-08-25;C0134;P018;COM10;8;67,93 €;15,0%;Téléphone;Livrée
V00332;2025-10-25;C0106;P030;COM04;12;139,46 €;15,0%;E-commerce;Livrée
V00333;2025-05-22;C0046;P024;COM10;8;321,23 €;3,0%;E-commerce;Livrée
V00334;2025-12-17;C0049;P027;COM09;7;206,67 €;3,0%;Partenaire;En cours
V00335;2026-03-08;C0045;P010;COM01;12;423,20 €;15,0%;Téléphone;Livrée
V00336;2026-03-03;C0143;P013;COM08;10;54,34 €;3,0%;E-commerce;Livrée
V00337;2026-05-10;C0144;P029;COM07;8;150,24 €;3,0%;Commercial terrain;Livrée
V00338;2026-06-22;C0063;P036;COM02;9;129,77 €;8,0%;E-commerce;En cours
V00339;2025-09-12;C0143;P026;COM08;3;326,58 €;8,0%;E-commerce;Livrée
V00340;2025-06-10;C0149;P034;COM02;3;152,57 €;5,0%;Commercial terrain;Livrée
V00341;2025-12-05;C0079;P035;COM07;4;128,46 €;5,0%;Partenaire;Livrée
V00342;2025-03-22;C0135;P040;COM06;8;145,58 €;5,0%;Partenaire;Livrée
V00343;2025-05-02;C0147;P007;COM07;7;364,66 €;8,0%;E-commerce;Livrée
V00344;2026-09-11;C0086;P032;COM01;6;137,69 €;0,0%;Téléphone;En cours
V00345;2025-12-06;C0140;P031;COM06;2;170,28 €;10,0%;Téléphone;Livrée
V00346;2025-12-16;C0104;P039;COM02;9;137,33 €;0,0%;E-commerce;Livrée
V00347;2026-05-20;C0038;P007;COM04;5;374,33 €;0,0%;E-commerce;En cours
V00348;2025-08-09;C0135;P023;COM05;2;216,56 €;0,0%;E-commerce;En cours
V00349;2026-04-14;C0149;P034;COM01;1;162,29 €;0,0%;Partenaire;Annulée
V00350;2026-05-10;C0150;P013;COM07;12;57,52 €;0,0%;Partenaire;Annulée
V00351;2026-09-13;C0092;P029;COM04;10;168,59 €;15,0%;Téléphone;Livrée
V00352;2026-02-12;C0101;P031;COM08;3;171,24 €;8,0%;Commercial terrain;Annulée
V00353;2025-11-18;C0059;P015;COM03;10;40,72 €;10,0%;Commercial terrain;Livrée
V00354;2025-07-02;C0148;P009;COM08;6;561,73 €;8,0%;Partenaire;Annulée
V00355;2025-10-20;C0125;P036;COM03;2;118,69 €;0,0%;E-commerce;Livrée
V00356;2025-07-24;C0076;P020;COM05;11;47,11 €;15,0%;E-commerce;Livrée
V00357;2025-07-28;C0010;P031;COM02;2;182,59 €;10,0%;Téléphone;Annulée
V00358;2026-02-03;C0068;P004;COM04;7;653,85 €;15,0%;Commercial terrain;Annulée
V00359;2025-02-25;C0005;P014;COM02;10;44,17 €;15,0%;Partenaire;Livrée
V00360;2026-01-12;C0053;P020;COM05;8;46,64 €;10,0%;E-commerce;Livrée
V00361;2025-06-27;C0033;P003;COM02;7;566,92 €;3,0%;Téléphone;Livrée
V00362;2026-08-22;C0073;P023;COM07;8;215,25 €;0,0%;E-commerce;Livrée
V00363;2025-11-27;C0015;P034;COM06;10;162,71 €;0,0%;Commercial terrain;Annulée
V00364;2025-08-14;C0050;P035;COM05;3;126,19 €;8,0%;Partenaire;Livrée
V00365;2025-12-24;C0062;P023;COM05;6;205,60 €;0,0%;Partenaire;Annulée
V00366;2025-01-10;C0031;P031;COM02;4;189,43 €;8,0%;Téléphone;Livrée
V00367;2025-11-25;C0113;P026;COM07;5;314,25 €;3,0%;E-commerce;Annulée
V00368;2026-01-19;C0150;P034;COM08;1;157,30 €;10,0%;Téléphone;Livrée
V00369;2026-06-11;C0023;P012;COM09;9;66,36 €;10,0%;E-commerce;Livrée
V00370;2025-08-07;C0125;P015;COM03;9;41,32 €;10,0%;Partenaire;Livrée
V00371;2025-06-07;C0008;P023;COM08;1;198,05 €;0,0%;Téléphone;Livrée
V00372;2026-07-26;C0020;P018;COM07;7;71,15 €;10,0%;Partenaire;En cours
V00373;2025-11-20;C0006;P009;COM06;9;520,81 €;10,0%;E-commerce;Annulée
V00374;2025-02-16;C0020;P035;COM08;2;124,07 €;10,0%;Commercial terrain;Annulée
V00375;2025-03-30;C0080;P026;COM04;7;325,88 €;0,0%;Partenaire;Livrée
V00376;2026-07-01;C0062;P027;COM05;9;189,51 €;10,0%;Téléphone;Livrée
V00377;2026-01-18;C0004;P009;COM09;1;520,75 €;8,0%;Partenaire;Annulée
V00378;2026-07-15;C0023;P015;COM10;12;40,86 €;10,0%;Commercial terrain;Livrée
V00379;2026-02-27;C0039;P013;COM05;4;56,07 €;3,0%;Téléphone;Livrée
V00380;2025-07-05;C0015;P039;COM06;2;135,79 €;0,0%;Commercial terrain;Livrée
V00381;2025-07-22;C0144;P024;COM08;3;309,88 €;0,0%;E-commerce;Livrée
V00382;2025-03-13;C0052;P034;COM10;8;157,98 €;10,0%;Commercial terrain;Annulée
V00383;2025-06-06;C0108;P030;COM06;3;137,30 €;0,0%;Téléphone;En cours
V00384;2025-10-11;C0106;P023;COM03;8;208,42 €;3,0%;Commercial terrain;En cours
V00385;2026-07-19;C0029;P006;COM03;5;521,15 €;0,0%;Téléphone;Livrée
V00386;2025-03-20;C0021;P035;COM01;11;119,71 €;8,0%;Partenaire;Annulée
V00387;2025-08-06;C0011;P037;COM04;9;197,54 €;15,0%;Téléphone;Livrée
V00388;2026-02-06;C0063;P010;COM02;8;410,98 €;0,0%;Partenaire;Livrée
V00389;2026-05-30;C0004;P012;COM09;9;62,94 €;0,0%;Téléphone;Annulée
V00390;2026-08-03;C0040;P024;COM10;1;291,78 €;5,0%;Téléphone;Livrée
V00391;2025-09-28;C0109;P003;COM03;11;561,35 €;15,0%;Commercial terrain;En cours
V00392;2026-04-26;C0134;P003;COM09;11;570,39 €;10,0%;Commercial terrain;Livrée
V00393;2026-08-16;C0047;P026;COM02;6;316,21 €;;E-commerce;Annulée
V00394;2025-09-15;C0112;P036;COM01;7;124,16 €;15,0%;Commercial terrain;En cours
V00395;2026-05-09;C0003;P031;COM03;3;173,42 €;8,0%;Commercial terrain;Livrée
V00396;2025-06-03;C0050;P025;COM05;10;288,53 €;0,0%;Téléphone;En cours
V00397;2025-12-05;C0031;P033;COM02;8;215,76 €;0,0%;Partenaire;Livrée
V00398;2025-09-07;C0013;P040;COM09;10;147,06 €;10,0%;E-commerce;Annulée
V00399;2025-05-31;C0016;P018;COM05;3;72,38 €;5,0%;E-commerce;Livrée
V00400;2025-03-29;C0059;P033;COM04;8;214,57 €;15,0%;Partenaire;Annulée
V00401;2025-05-27;C0049;P012;COM10;12;67,69 €;5,0%;E-commerce;Livrée
V00402;2026-01-23;C0114;P007;COM09;1;354,44 €;15,0%;Partenaire;Livrée
V00403;2026-09-13;C0026;P033;COM05;10;227,28 €;15,0%;E-commerce;Livrée
V00404;2026-05-09;C0036;P030;COM07;9;145,37 €;15,0%;E-commerce;Annulée
V00405;2026-03-16;C0065;P026;COM06;6;316,26 €;10,0%;E-commerce;En cours
V00406;2025-05-18;C0073;P016;COM08;2;70,92 €;8,0%;Partenaire;Livrée
V00407;2025-07-13;C0003;P040;COM03;9;146,18 €;0,0%;Partenaire;Livrée
V00408;2025-11-20;C0121;P007;COM02;3;365,33 €;8,0%;Commercial terrain;Livrée
V00409;2026-07-03;C0125;P019;COM04;11;72,52 €;0,0%;Partenaire;Annulée
V00410;2026-07-25;C0143;P025;COM07;9;282,52 €;3,0%;Commercial terrain;Annulée
V00411;2025-12-19;C0117;P009;COM05;12;537,28 €;15,0%;Téléphone;Livrée
V00412;2025-08-08;C0150;P023;COM08;9;212,60 €;10,0%;E-commerce;Livrée
V00413;2026-02-03;C0003;P011;COM03;8;42,69 €;5,0%;E-commerce;Livrée
V00414;2025-09-27;C0062;P006;COM06;10;467,24 €;5,0%;Partenaire;Annulée
V00415;2026-06-18;C0082;P013;COM03;11;55,18 €;0,0%;Téléphone;Annulée
V00416;2025-10-20;C0052;P035;COM09;9;130,95 €;8,0%;Téléphone;Livrée
V00417;2026-01-04;C0069;P012;COM09;2;70,41 €;15,0%;Partenaire;Livrée
V00418;2026-02-09;C0120;P036;COM03;1;130,58 €;0,0%;E-commerce;Annulée
V00419;2025-10-19;C0103;P019;COM08;4;74,54 €;0,0%;Partenaire;En cours
V00420;2026-08-12;C0003;P013;COM04;7;55,26 €;8,0%;E-commerce;Annulée
V00421;2025-10-29;C0101;P035;COM07;5;133,94 €;15,0%;Commercial terrain;En cours
V00422;2026-01-22;C0143;P023;COM07;8;214,47 €;8,0%;E-commerce;En cours
V00423;2025-04-30;C0074;P026;COM03;11;324,50 €;0,0%;Téléphone;Livrée
V00424;2026-02-27;C0104;P018;COM01;4;70,19 €;5,0%;Commercial terrain;Livrée
V00425;2026-07-22;C0048;P022;COM10;6;170,84 €;8,0%;Commercial terrain;Livrée
V00426;2025-07-14;C0147;P017;COM07;12;44,12 €;3,0%;Téléphone;Livrée
V00427;2025-07-27;C0071;P011;COM08;2;38,39 €;0,0%;Partenaire;Annulée
V00428;2025-01-07;C0012;P025;COM10;10;273,66 €;8,0%;Commercial terrain;En cours
V00429;2025-07-07;C0150;P027;COM08;4;201,21 €;0,0%;E-commerce;Annulée
V00430;2026-03-10;C0142;P035;COM05;6;125,82 €;10,0%;Téléphone;En cours
V00431;2025-05-04;C0135;P001;COM06;1;421,61 €;5,0%;E-commerce;Livrée
V00432;2026-01-06;C0074;P039;COM03;5;134,81 €;5,0%;Commercial terrain;Livrée
V00433;2025-07-08;C0147;P015;COM08;7;40,65 €;3,0%;Commercial terrain;En cours
V00434;2025-10-14;C0133;P040;COM03;3;163,68 €;10,0%;Téléphone;Livrée
V00435;2025-10-04;C0068;P026;COM04;4;297,98 €;10,0%;Téléphone;En cours
V00436;2025-01-10;C0048;P034;COM10;3;172,21 €;15,0%;Commercial terrain;En cours
V00437;2025-11-04;C0072;P027;COM09;2;199,68 €;0,0%;Téléphone;Livrée
V00438;2026-05-03;C0026;P023;COM06;5;205,61 €;8,0%;Commercial terrain;Livrée
V00439;2025-01-21;C0122;P024;COM05;11;321,55 €;0,0%;Téléphone;Livrée
V00440;2025-12-30;C0095;P031;COM10;2;177,01 €;3,0%;Partenaire;Livrée
V00441;2025-06-21;C0099;P040;COM10;7;161,03 €;0,0%;E-commerce;Livrée
V00442;2025-12-18;C0065;P022;COM06;11;172,54 €;3,0%;Partenaire;Livrée
V00443;2026-04-01;C0106;P029;COM04;3;153,15 €;0,0%;Téléphone;Livrée
V00444;2025-09-15;C0022;P012;COM03;7;62,61 €;0,0%;Partenaire;Annulée
V00445;2025-02-25;C0008;P036;COM08;2;120,00 €;8,0%;Téléphone;Livrée
V00446;2026-02-04;C0088;P017;COM09;12;44,37 €;10,0%;Téléphone;Livrée
V00447;2026-06-24;C0046;P003;COM09;11;572,91 €;3,0%;Partenaire;En cours
V00448;2026-07-08;C0077;P010;COM04;12;413,05 €;8,0%;Partenaire;Annulée
V00449;2026-03-22;C0088;P033;COM10;9;216,25 €;0,0%;Partenaire;Livrée
V00450;2026-01-10;C0122;P011;COM06;5;37,80 €;8,0%;Téléphone;Livrée
V00451;2025-10-21;C0139;P034;COM05;8;157,36 €;15,0%;Partenaire;Livrée
V00452;2026-09-04;C0066;P039;COM01;6;133,91 €;8,0%;Partenaire;En cours
V00453;2025-09-13;C0044;P026;COM04;4;302,81 €;5,0%;Téléphone;Annulée
V00454;2025-10-06;C0080;P029;COM04;4;167,27 €;0,0%;Téléphone;Livrée
V00455;2025-04-24;C0134;P019;COM10;12;74,70 €;0,0%;Commercial terrain;Livrée
V00456;2025-06-05;C0014;P013;COM05;2;53,63 €;0,0%;Partenaire;Livrée
V00457;2025-08-27;C0025;P001;COM09;8;396,76 €;5,0%;Commercial terrain;En cours
V00458;2026-01-16;C0136;P023;COM09;2;218,95 €;0,0%;E-commerce;Livrée
V00459;2026-02-06;C0020;P013;COM08;4;58,10 €;3,0%;Partenaire;Livrée
V00460;2025-05-05;C0071;P031;COM08;4;185,47 €;0,0%;Téléphone;En cours
V00461;2025-04-07;C0056;P026;COM02;11;331,62 €;3,0%;Téléphone;Livrée
V00462;2026-07-17;C0034;P033;COM04;11;218,37 €;3,0%;E-commerce;Livrée
V00463;2025-04-26;C0068;P022;;1;169,64 €;3,0%;E-commerce;En cours
V00464;2025-09-06;C0004;P033;COM09;12;227,17 €;3,0%;E-commerce;Livrée
V00465;2025-06-11;C0147;P023;COM07;11;197,29 €;3,0%;Téléphone;Annulée
V00466;2025-04-20;C0035;P016;COM08;6;77,65 €;15,0%;Commercial terrain;En cours
V00467;2025-07-17;C0007;P024;COM10;12;288,42 €;0,0%;Partenaire;En cours
V00468;2026-07-27;C0084;P014;COM04;10;40,38 €;3,0%;Commercial terrain;En cours
V00469;2025-10-09;C0044;P036;COM03;3;125,78 €;15,0%;Commercial terrain;Annulée
V00470;2026-01-11;C0134;P035;COM09;7;131,54 €;0,0%;Commercial terrain;Annulée
V00471;2025-09-02;C0092;P037;COM03;7;190,16 €;10,0%;Partenaire;Annulée
V00472;2025-06-07;C0080;P029;COM04;11;156,06 €;0,0%;E-commerce;Livrée
V00473;2025-05-13;C0048;P014;COM09;2;42,04 €;0,0%;E-commerce;Annulée
V00474;2026-02-02;C0145;P004;COM06;6;639,24 €;10,0%;E-commerce;Livrée
V00475;2025-08-02;C0145;P032;COM05;11;132,09 €;8,0%;Partenaire;Livrée
V00476;2025-03-01;C0076;P005;COM05;5;359,04 €;0,0%;E-commerce;Livrée
V00477;2025-08-25;C0114;P014;COM09;9;42,99 €;8,0%;Téléphone;Annulée
V00478;2026-07-26;C0123;P040;COM09;6;157,49 €;10,0%;Partenaire;Livrée
V00479;2025-06-20;C0049;P035;COM10;6;130,26 €;8,0%;Partenaire;Livrée
V00480;2025-11-19;C0095;P029;COM10;11;158,35 €;10,0%;Commercial terrain;Annulée
V00481;2025-09-04;C0057;P039;COM06;12;135,12 €;5,0%;Partenaire;En cours
V00482;2025-01-01;C0010;P002;COM02;9;727,32 €;3,0%;E-commerce;Livrée
V00483;2025-08-16;C0057;P002;COM06;12;796,63 €;8,0%;Téléphone;Livrée
V00484;2025-02-08;C0135;P011;COM06;3;39,16 €;8,0%;Téléphone;Livrée
V00485;2025-09-20;C0085;P040;COM03;7;155,35 €;0,0%;E-commerce;Livrée
V00486;2026-05-10;C0047;P040;COM02;2;155,88 €;3,0%;E-commerce;Annulée
V00487;2026-01-26;C0022;P023;COM03;6;219,95 €;5,0%;Partenaire;Livrée
V00488;2025-08-21;C0004;P004;COM10;5;665,84 €;3,0%;Téléphone;Livrée
V00489;2026-05-30;C0062;P004;COM05;11;683,99 €;5,0%;Partenaire;Annulée
V00490;2026-08-13;C0149;P016;COM01;7;70,98 €;5,0%;Téléphone;Livrée
V00491;2025-12-11;C0023;P040;COM10;12;144,79 €;5,0%;Commercial terrain;Livrée
V00492;2026-02-13;C0148;P010;COM08;3;409,89 €;0,0%;Partenaire;En cours
V00493;2026-08-09;C0053;P017;COM05;2;44,27 €;5,0%;Commercial terrain;Annulée
V00494;2025-04-02;C0030;P030;COM06;6;143,96 €;3,0%;Commercial terrain;Annulée
V00495;2025-01-25;C0087;P024;COM09;10;315,89 €;15,0%;Partenaire;Annulée
V00496;2025-05-30;C0129;P016;COM07;4;74,79 €;0,0%;E-commerce;Livrée
V00497;2025-02-25;C0070;P020;COM01;1;47,71 €;15,0%;E-commerce;Livrée
V00498;2026-04-06;C0139;P023;COM05;4;216,09 €;0,0%;Téléphone;Annulée
V00499;2026-06-20;C0074;P011;COM04;12;41,47 €;0,0%;Partenaire;Annulée
V00500;2026-06-24;C0013;P012;COM10;1;64,19 €;15,0%;Commercial terrain;Livrée
V00501;2026-04-22;C0004;P026;COM09;11;303,16 €;15,0%;Commercial terrain;Livrée
V00502;2025-01-20;C0083;P016;COM10;7;73,09 €;10,0%;E-commerce;Livrée
V00503;2026-05-12;C0024;P014;COM03;9;44,71 €;8,0%;E-commerce;Livrée
V00504;2025-09-11;C0087;P034;COM10;7;166,85 €;0,0%;Commercial terrain;Livrée
V00505;2025-12-30;C0086;P035;COM01;5;132,86 €;10,0%;Commercial terrain;En cours
V00506;2025-01-31;C0079;P011;COM07;6;42,53 €;10,0%;Téléphone;Livrée
V00507;2026-01-27;C0065;P017;COM06;10;43,58 €;3,0%;Commercial terrain;En cours
V00508;2026-07-10;C0036;P010;COM07;10;413,17 €;15,0%;Téléphone;Livrée
V00509;2025-11-13;C0037;P011;COM02;11;42,72 €;0,0%;Commercial terrain;Livrée
V00510;2026-07-25;C0033;P022;COM01;3;182,75 €;15,0%;Commercial terrain;En cours
V00511;2026-02-26;C0086;P019;COM02;3;76,22 €;0,0%;Téléphone;Livrée
V00512;2025-01-27;C0076;P016;COM05;4;74,81 €;3,0%;E-commerce;En cours
V00513;2025-05-18;C0148;P025;COM08;3;293,52 €;5,0%;Partenaire;Livrée
V00514;2025-06-17;C0052;P003;COM09;7;604,34 €;0,0%;Commercial terrain;En cours
V00515;2025-08-16;C0054;P005;COM09;3;401,65 €;5,0%;Partenaire;Livrée
V00516;2026-04-14;C0071;P027;COM08;1;197,56 €;15,0%;Partenaire;Livrée
V00517;2026-02-08;C0011;P031;COM03;8;187,59 €;0,0%;Téléphone;Annulée
V00518;2026-07-05;C0117;P039;COM05;7;139,95 €;10,0%;E-commerce;Livrée
V00519;2025-10-26;C0129;P021;COM08;5;305,08 €;5,0%;Commercial terrain;Annulée
V00520;2025-02-25;C0039;P031;COM06;2;185,12 €;0,0%;Téléphone;Annulée
V00521;2026-07-14;C0037;P029;COM02;6;158,78 €;0,0%;Partenaire;Annulée
V00522;2025-07-26;C0134;P018;COM09;6;74,05 €;10,0%;Téléphone;Livrée
V00523;2025-04-04;C0031;P025;COM02;2;281,37 €;5,0%;Téléphone;En cours
V00524;2026-07-18;C0113;P012;COM07;6;66,64 €;10,0%;Téléphone;Livrée
V00525;2025-05-29;C0048;P029;COM09;5;155,80 €;15,0%;Partenaire;Livrée
V00526;2025-07-05;C0033;P014;COM01;1;42,80 €;3,0%;E-commerce;En cours
V00527;2026-05-25;C0147;P034;COM07;4;155,60 €;10,0%;Partenaire;En cours
V00528;2026-02-24;C0130;P001;COM07;4;432,93 €;3,0%;Téléphone;Livrée
V00529;2025-07-09;C0040;P024;COM09;1;288,84 €;0,0%;Commercial terrain;Livrée
V00530;2025-03-31;C0014;P029;COM05;3;152,67 €;3,0%;Téléphone;En cours
V00531;2026-08-16;C0106;P006;COM03;5;485,96 €;5,0%;E-commerce;En cours
V00532;2026-07-18;C0018;P033;COM04;3;213,13 €;15,0%;Commercial terrain;Livrée
V00533;2026-06-24;C0122;P015;COM05;10;37,29 €;8,0%;E-commerce;En cours
V00534;2026-09-12;C0082;P022;COM04;5;178,02 €;8,0%;Commercial terrain;Livrée
V00535;2026-07-31;C0147;P034;COM08;3;169,82 €;0,0%;Commercial terrain;Livrée
V00536;2025-01-02;C0033;P032;COM01;11;145,71 €;10,0%;Téléphone;Annulée
V00537;2026-03-01;C0122;P023;COM05;6;211,12 €;10,0%;Téléphone;Livrée
V00538;2025-07-26;C0080;P005;COM04;5;370,20 €;8,0%;Commercial terrain;Livrée
V00539;2025-04-27;C0098;P027;COM06;12;196,56 €;0,0%;Téléphone;Livrée
V00540;2025-12-05;C0099;P033;COM10;1;228,64 €;5,0%;Téléphone;En cours
V00541;2026-07-04;C0098;P029;COM06;12;150,45 €;8,0%;Commercial terrain;Annulée
V00542;2025-11-20;C0006;P040;COM05;11;150,53 €;15,0%;Commercial terrain;Livrée
V00543;2025-06-02;C0079;P023;COM07;7;212,95 €;15,0%;Téléphone;Annulée
V00544;2026-09-13;C0115;P009;COM03;5;572,24 €;3,0%;E-commerce;Livrée
V00545;2026-02-28;C0024;P017;COM04;6;45,38 €;3,0%;Téléphone;Annulée
V00546;2025-11-06;C0047;P025;COM01;1;290,77 €;0,0%;Partenaire;Annulée
V00547;2025-01-26;C0143;P014;COM07;6;44,47 €;10,0%;Commercial terrain;Livrée
V00548;2025-05-27;C0027;P015;COM01;12;37,18 €;5,0%;E-commerce;Livrée
V00549;2025-11-15;C0013;P023;COM09;8;220,21 €;0,0%;Commercial terrain;Livrée
V00550;2026-08-15;C0088;P022;COM09;4;170,23 €;3,0%;Commercial terrain;En cours
V00551;2025-05-01;C0077;P012;COM03;5;62,71 €;8,0%;E-commerce;Livrée
V00552;2026-07-10;C0103;P019;COM08;3;77,81 €;15,0%;Commercial terrain;Annulée
V00553;2025-09-08;C0046;P021;COM09;10;322,51 €;8,0%;Partenaire;Livrée
V00554;2025-05-14;C0009;P004;COM02;2;653,51 €;0,0%;Partenaire;En cours
V00555;2025-07-03;C0132;P021;COM02;6;319,49 €;10,0%;E-commerce;En cours
V00556;2026-08-05;C0036;P032;COM07;2;139,39 €;10,0%;Partenaire;En cours
V00557;2025-08-26;C0063;P018;COM01;6;71,19 €;10,0%;Commercial terrain;Livrée
V00558;2026-04-10;C0144;P005;COM07;8;360,79 €;5,0%;Partenaire;Livrée
V00559;2025-10-17;C0103;P035;COM07;2;126,02 €;10,0%;E-commerce;Livrée
V00560;2026-07-24;C0020;P037;COM08;8;195,68 €;5,0%;Téléphone;Annulée
V00561;2025-09-07;C0043;P026;COM08;2;306,02 €;15,0%;Partenaire;En cours
V00562;2026-08-04;C0101;P013;COM07;11;56,46 €;10,0%;Partenaire;Livrée
V00563;2026-08-30;C0136;P039;COM10;2;145,59 €;0,0%;Commercial terrain;En cours
V00564;2025-03-13;C0029;P022;COM04;8;180,82 €;0,0%;E-commerce;Livrée
V00565;2025-05-23;C0001;P011;COM01;8;40,58 €;5,0%;Partenaire;Livrée
V00566;2025-07-30;C0091;P040;COM06;11;149,97 €;5,0%;Commercial terrain;Livrée
V00567;2026-08-20;C0004;P010;COM10;5;387,19 €;8,0%;E-commerce;Livrée
V00568;2026-07-28;C0105;P020;COM09;1;47,02 €;10,0%;Partenaire;Livrée
V00569;2026-01-27;C0120;P030;COM04;9;141,30 €;0,0%;Partenaire;Livrée
V00570;2025-07-12;C0114;P029;COM10;3;155,35 €;15,0%;Téléphone;Livrée
V00571;2025-01-12;C0020;P011;COM07;12;42,47 €;10,0%;Partenaire;Livrée
V00572;2025-03-28;C0038;P032;COM04;12;142,15 €;5,0%;Téléphone;En cours
V00573;2026-06-06;C0125;P026;COM04;6;301,28 €;5,0%;E-commerce;Annulée
V00574;2026-05-26;C0068;P029;COM04;9;161,43 €;0,0%;e-commerce;Annulée
V00575;2026-05-10;C0109;P033;COM03;12;211,89 €;10,0%;Commercial terrain;En cours
V00576;2026-06-14;C0022;P017;COM03;8;46,46 €;10,0%;E-commerce;Annulée
V00577;2026-08-17;C0088;P023;COM09;9;217,15 €;5,0%;Partenaire;Annulée
V00578;2026-04-26;C0096;P024;COM08;5;294,60 €;0,0%;Commercial terrain;Annulée
V00579;2025-09-24;C0017;P012;COM10;10;62,16 €;3,0%;E-commerce;Livrée
V00580;2026-05-12;C0023;P035;COM09;2;133,53 €;3,0%;Commercial terrain;Livrée
V00581;2025-10-15;C0078;P001;COM06;12;391,01 €;0,0%;Téléphone;En cours
V00582;2026-01-14;C0047;P017;COM02;8;43,75 €;8,0%;E-commerce;Livrée
V00583;2025-03-28;C0040;P034;COM09;7;167,41 €;0,0%;Partenaire;Livrée
V00584;2025-08-04;C0102;P018;COM07;2;67,96 €;5,0%;Partenaire;En cours
V00585;2025-11-05;C0140;P026;COM05;11;321,07 €;5,0%;Commercial terrain;Livrée
V00586;2026-06-28;C0128;P020;COM01;8;47,96 €;3,0%;E-commerce;Livrée
V00587;2026-06-29;C0104;P019;COM02;6;71,28 €;15,0%;E-commerce;Livrée
V00588;2026-08-22;C0116;P017;COM10;12;46,71 €;15,0%;Téléphone;Annulée
V00589;2025-12-12;C0049;P039;COM10;1;142,84 €;15,0%;E-commerce;Livrée
V00590;2026-02-26;C0027;P031;COM01;6;173,17 €;3,0%;Commercial terrain;Livrée
V00591;2025-02-04;C0008;P004;COM07;10;677,42 €;15,0%;Téléphone;Annulée
V00592;2025-05-05;C0033;P010;COM01;7;419,40 €;10,0%;Téléphone;Livrée
V00593;2025-07-08;C0072;P032;COM10;11;148,29 €;10,0%;Partenaire;Livrée
V00594;2026-03-14;C0092;P012;COM04;2;64,13 €;0,0%;Partenaire;En cours
V00595;2025-12-07;C0017;P018;COM10;3;71,65 €;5,0%;Téléphone;Annulée
V00596;2026-02-07;C9999;P007;COM10;3;370,91 €;5,0%;Téléphone;Annulée
V00597;2025-04-19;C0130;P007;COM08;1;348,14 €;8,0%;Commercial terrain;En cours
V00598;2025-01-20;C0147;P001;COM07;1;421,10 €;3,0%;Téléphone;Livrée
V00599;2026-02-05;C0001;P033;COM02;7;221,48 €;10,0%;E-commerce;Annulée
V00600;2025-08-20;C0001;P033;COM02;2;226,31 €;3,0%;Commercial terrain;Livrée
V00601;2026-02-15;C0016;P025;COM05;9;293,57 €;3,0%;E-commerce;En cours
V00602;2025-10-24;C0054;P039;COM09;1;148,27 €;10,0%;Téléphone;Livrée
V00603;2026-02-04;C0029;P034;COM04;2;169,86 €;5,0%;Téléphone;Livrée
V00604;2025-02-06;C0052;P017;COM09;8;45,00 €;15,0%;Commercial terrain;En cours
V00605;2026-07-01;C0133;P003;COM03;6;549,73 €;15,0%;E-commerce;En cours
V00606;2025-05-02;C0057;P037;COM06;3;204,58 €;0,0%;E-commerce;Livrée
V00607;2025-05-25;C0145;P033;COM05;10;210,88 €;10,0%;Téléphone;Livrée
V00608;2025-06-26;C0014;P007;COM06;8;374,35 €;15,0%;E-commerce;Livrée
V00609;2025-04-27;C0147;P005;COM07;4;376,52 €;15,0%;Partenaire;Livrée
V00610;2025-05-04;C0038;P015;COM04;1;40,08 €;3,0%;E-commerce;Livrée
V00611;2025-10-08;C0039;P012;COM06;12;64,94 €;0,0%;Partenaire;Livrée
V00612;2026-08-19;C0012;P007;COM09;11;374,41 €;15,0%;Téléphone;Livrée
V00613;2026-05-14;C0022;P001;COM03;3;435,32 €;10,0%;Commercial terrain;En cours
V00614;2026-05-03;C0035;P011;COM07;11;39,19 €;5,0%;Partenaire;Livrée
V00615;2025-06-28;C0011;P034;COM03;10;171,24 €;10,0%;Commercial terrain;Livrée
V00616;2026-03-05;C0003;P014;COM03;2;44,82 €;0,0%;Commercial terrain;Annulée
V00617;2026-06-04;C0062;P015;COM06;5;37,26 €;0,0%;Téléphone;En cours
V00618;2026-05-25;C0048;P003;COM09;1;595,11 €;3,0%;Téléphone;En cours
V00619;2025-09-15;C0098;P003;COM06;2;602,48 €;8,0%;Téléphone;Livrée
V00620;2025-01-30;C0144;P005;COM07;4;391,33 €;8,0%;Commercial terrain;En cours
V00621;2025-07-23;C0095;P009;COM09;6;537,13 €;0,0%;Partenaire;Livrée
V00622;2026-01-20;C0062;P033;COM05;10;223,86 €;5,0%;Téléphone;Livrée
V00623;2026-04-11;C0048;P025;COM10;3;278,92 €;0,0%;Commercial terrain;Livrée
V00624;2025-07-27;C0098;P003;COM05;12;589,24 €;3,0%;Téléphone;Livrée
V00625;2026-04-22;C0135;P012;COM06;6;63,63 €;3,0%;Téléphone;Annulée
V00626;2025-06-24;C0065;P029;COM05;9;159,59 €;0,0%;Partenaire;En cours
V00627;2025-10-13;C0005;P017;COM02;4;44,63 €;8,0%;Téléphone;Annulée
V00628;2025-06-02;C0003;P003;COM04;1;621,81 €;10,0%;E-commerce;En cours
V00629;2026-06-28;C0116;P007;COM10;8;368,70 €;0,0%;E-commerce;En cours
V00630;2025-08-12;C0036;P020;COM08;4;49,67 €;0,0%;E-commerce;En cours
V00631;2025-11-09;C0044;P040;COM04;12;155,65 €;5,0%;e-commerce;Livrée
V00632;2026-02-20;C0050;P032;COM06;12;142,68 €;15,0%;E-commerce;En cours
V00633;2025-12-07;C0010;P030;COM02;5;150,74 €;8,0%;Téléphone;Livrée
V00634;2025-12-10;C0016;P004;COM06;2;653,45 €;5,0%;E-commerce;Livrée
V00635;2026-01-11;C0047;P039;COM01;12;144,70 €;0,0%;Commercial terrain;Livrée
V00636;2026-07-07;C0031;P015;COM02;12;40,96 €;3,0%;Commercial terrain;Livrée
V00637;2026-05-31;C0125;P004;COM04;2;652,56 €;5,0%;Partenaire;Annulée
V00638;2026-06-24;C0034;P037;COM04;11;206,79 €;3,0%;Partenaire;Annulée
V00639;2026-01-12;C0018;P032;COM03;2;132,45 €;0,0%;Commercial terrain;Livrée
V00640;2025-04-22;C0045;P009;COM02;12;531,26 €;0,0%;Téléphone;Annulée
V00641;2025-01-24;C0084;P037;COM04;3;197,59 €;5,0%;Partenaire;Livrée
V00642;2025-10-26;C0051;P002;COM07;4;797,90 €;8,0%;Commercial terrain;En cours
V00643;2026-08-16;C0101;P034;COM08;10;165,18 €;8,0%;Partenaire;En cours
V00644;2025-11-08;C0036;P012;COM08;5;63,69 €;3,0%;Commercial terrain;Livrée
V00645;2025-06-01;C0104;P032;COM02;3;142,41 €;0,0%;Commercial terrain;Livrée
V00646;2025-06-29;C0042;P017;COM01;2;42,91 €;3,0%;Téléphone;En cours
V00647;2025-09-24;C0109;P015;COM03;9;40,68 €;10,0%;Commercial terrain;Livrée
V00648;2025-06-01;C0111;P037;COM10;3;199,15 €;0,0%;E-commerce;En cours
V00649;2026-05-27;C0040;P022;COM10;3;165,82 €;10,0%;Commercial terrain;Livrée
V00650;2026-05-01;C0083;P040;COM09;12;162,21 €;5,0%;Commercial terrain;Livrée
V00651;2026-05-06;C0012;P039;COM09;2;136,12 €;5,0%;Téléphone;En cours
V00652;2026-01-01;C0025;P004;COM10;10;676,08 €;8,0%;Téléphone;Livrée
V00653;2025-07-20;C0007;P037;COM09;8;202,90 €;0,0%;Partenaire;Livrée
V00654;2026-05-18;C0091;P025;COM05;7;267,46 €;15,0%;Partenaire;Livrée
V00655;2026-01-31;C0111;P020;COM09;6;47,76 €;5,0%;E-commerce;Livrée
V00656;2026-03-31;C0123;P020;COM10;3;50,68 €;5,0%;Partenaire;Livrée
V00657;2026-08-25;C0024;P015;COM03;5;39,46 €;15,0%;Commercial terrain;Livrée
V00658;2026-08-28;C0112;P001;COM01;7;419,69 €;3,0%;Partenaire;Livrée
V00659;2026-07-24;C0136;P014;COM09;3;43,97 €;3,0%;Partenaire;Livrée
V00660;2025-11-06;C0086;P039;COM02;12;138,98 €;0,0%;E-commerce;Livrée
V00661;2025-09-26;C0085;P009;COM04;11;569,35 €;3,0%;Partenaire;Livrée
V00662;2026-05-19;C0070;P009;COM01;5;556,63 €;0,0%;Commercial terrain;Annulée
V00663;2026-05-08;C0128;P033;COM02;12;233,75 €;3,0%;E-commerce;Livrée
V00664;2025-06-16;C0016;P022;COM05;8;186,29 €;0,0%;Commercial terrain;Livrée
V00665;2025-02-24;C0077;P029;COM04;11;168,51 €;3,0%;E-commerce;Livrée
V00666;2025-10-26;C0021;P013;COM01;2;55,94 €;0,0%;Commercial terrain;Livrée
V00667;2025-11-05;C0077;P007;COM04;9;372,83 €;15,0%;Téléphone;Livrée
V00668;2025-05-21;C0080;P034;COM04;7;158,23 €;0,0%;E-commerce;Livrée
V00669;2025-06-08;C0148;P014;COM07;9;42,75 €;15,0%;E-commerce;En cours
V00670;2026-04-17;C0021;P010;COM01;1;409,81 €;3,0%;Commercial terrain;Livrée
V00671;2026-03-29;C0101;P021;COM07;1;316,53 €;0,0%;Téléphone;Livrée
V00672;2025-05-26;C0065;P010;COM06;4;390,87 €;0,0%;Partenaire;Livrée
V00673;2025-03-21;C0006;P030;COM06;1;141,02 €;0,0%;E-commerce;En cours
V00674;2025-05-02;C0072;P005;COM09;5;388,63 €;15,0%;E-commerce;Livrée
V00675;2026-09-09;C0055;P013;COM09;11;54,14 €;0,0%;Téléphone;Livrée
V00676;2026-08-17;C0103;P012;COM08;9;68,52 €;8,0%;Téléphone;Annulée
V00677;2026-08-07;C0019;P001;COM03;9;396,75 €;0,0%;Commercial terrain;Livrée
V00678;2026-07-05;C0003;P015;COM03;9;41,43 €;5,0%;Commercial terrain;Annulée
V00679;2025-07-09;C0129;P013;COM07;6;58,73 €;5,0%;Téléphone;Annulée
V00680;2025-08-22;C0121;P022;COM01;2;176,63 €;8,0%;Téléphone;En cours
V00681;2026-01-05;C0082;P006;COM03;6;497,18 €;5,0%;Commercial terrain;En cours
V00682;2026-09-07;C0088;P016;COM10;9;72,11 €;15,0%;Partenaire;Livrée
V00683;2025-03-13;C0140;P013;COM06;1;58,85 €;5,0%;E-commerce;En cours
V00684;2026-03-25;C0023;P011;COM09;7;39,88 €;8,0%;E-commerce;Livrée
V00685;2025-03-08;C0108;P023;COM05;4;212,08 €;5,0%;E-commerce;Livrée
V00686;2026-03-11;C0147;P019;COM08;11;77,81 €;3,0%;Partenaire;Annulée
V00687;2026-02-19;C0144;P011;COM08;8;38,32 €;3,0%;Partenaire;En cours
V00688;2025-08-25;C0037;P007;COM01;12;347,16 €;0,0%;Partenaire;Livrée
V00689;2025-07-03;C0113;P011;COM08;5;41,07 €;0,0%;E-commerce;Annulée
V00690;2026-05-20;C0137;P020;COM01;11;48,70 €;8,0%;Commercial terrain;Annulée
V00691;2025-12-18;C0006;P030;COM05;2;144,65 €;3,0%;Partenaire;En cours
V00692;2026-04-16;C0011;P013;COM03;9;56,38 €;15,0%;Commercial terrain;Livrée
V00693;2026-05-19;C0127;P021;COM05;12;302,15 €;15,0%;E-commerce;Annulée
V00694;2026-05-18;C0139;P039;COM06;3;139,78 €;5,0%;Commercial terrain;En cours
V00695;2026-08-29;C0112;P020;COM02;6;45,90 €;8,0%;E-commerce;Livrée
V00696;2026-01-11;C0103;P023;COM07;7;198,32 €;3,0%;Commercial terrain;En cours
V00697;2025-12-26;C0016;P017;COM05;4;46,57 €;8,0%;E-commerce;Livrée
V00698;2025-11-09;C0031;P012;COM02;1;66,41 €;0,0%;Partenaire;En cours
V00699;2026-08-05;C0124;P002;COM04;12;761,07 €;0,0%;Commercial terrain;En cours
V00700;2026-08-08;C0115;P040;COM04;2;160,21 €;0,0%;Téléphone;Livrée
V00701;2026-05-24;C0148;P012;COM08;10;64,33 €;5,0%;Téléphone;En cours
V00702;2025-03-19;C0057;P018;COM06;1;70,29 €;8,0%;Partenaire;Livrée
V00703;2025-04-05;C0026;P019;COM06;2;74,16 €;8,0%;Partenaire;En cours
V00704;2025-08-03;C0102;P021;COM07;9;318,95 €;5,0%;Commercial terrain;Livrée
V00705;2026-03-01;C0119;P035;COM04;8;130,50 €;8,0%;Téléphone;Livrée
V00706;2026-06-13;C0050;P015;COM06;11;42,01 €;10,0%;Partenaire;Livrée
V00707;2026-06-30;C0128;P036;COM01;4;124,35 €;0,0%;Téléphone;Livrée
V00708;2025-11-04;C0128;P022;COM02;2;180,56 €;15,0%;Partenaire;Livrée
V00709;2025-10-21;C0044;P017;COM04;7;44,10 €;0,0%;Téléphone;Livrée
V00710;2025-09-09;C0088;P034;COM10;9;172,12 €;5,0%;E-commerce;Livrée
V00711;2025-06-13;C0077;P002;COM03;5;793,34 €;3,0%;Téléphone;Livrée
V00712;2026-05-13;C0007;P006;COM09;6;504,26 €;15,0%;E-commerce;En cours
V00713;2026-01-08;C0025;P010;COM10;4;389,88 €;10,0%;E-commerce;Annulée
V00714;2026-08-18;C0072;P006;COM10;4;504,15 €;15,0%;Commercial terrain;Livrée
V00715;2026-08-22;C0115;P030;COM03;4;140,01 €;0,0%;Téléphone;Livrée
V00716;2026-03-27;C0121;P004;COM02;8;666,63 €;10,0%;E-commerce;Livrée
V00717;2026-07-13;C0125;P017;COM04;5;47,96 €;0,0%;Commercial terrain;En cours
V00718;2026-01-12;C0087;P003;COM09;12;596,45 €;0,0%;Téléphone;Livrée
V00719;2026-07-20;C0114;P025;COM10;11;266,50 €;15,0%;Téléphone;En cours
V00720;2026-02-02;C0004;P018;COM10;5;68,31 €;15,0%;Téléphone;Livrée
V00721;2025-08-04;C0044;P022;COM04;11;175,23 €;0,0%;Commercial terrain;Livrée
V00722;2026-05-19;C0139;P023;COM06;12;207,30 €;15,0%;E-commerce;Livrée
V00723;2025-09-25;C0149;P024;COM01;7;307,11 €;15,0%;Commercial terrain;En cours
V00724;2025-01-29;C0015;P031;COM05;11;171,19 €;5,0%;Téléphone;Livrée
V00725;2025-11-18;C0023;P012;COM09;4;66,22 €;15,0%;Téléphone;Annulée
V00726;2026-02-25;C0091;P033;COM06;12;213,47 €;0,0%;Commercial terrain;Livrée
V00727;2025-07-23;C0023;P025;COM10;3;276,55 €;5,0%;Téléphone;Livrée
V00728;2025-01-24;C0065;P032;COM05;4;135,81 €;15,0%;Téléphone;Livrée
V00729;2026-02-15;C0126;P011;COM10;2;42,86 €;0,0%;E-commerce;Livrée
V00730;2026-06-23;C0128;P034;COM02;2;155,76 €;0,0%;Téléphone;Livrée
V00731;2025-10-22;C0146;P010;COM06;7;430,25 €;8,0%;Téléphone;Livrée
V00732;2025-07-13;C0124;P029;COM03;3;149,88 €;3,0%;Téléphone;Annulée
V00733;2026-04-07;C0071;P032;COM08;2;131,15 €;0,0%;Commercial terrain;En cours
V00734;2025-08-06;C0114;P018;COM10;2;68,36 €;0,0%;E-commerce;Livrée
V00735;2025-08-29;C0139;P003;COM06;1;564,96 €;8,0%;Partenaire;Livrée
V00736;2026-02-09;C0109;P039;COM03;1;141,14 €;3,0%;Téléphone;Annulée
V00737;2026-05-20;C0099;P010;COM10;2;401,01 €;8,0%;Partenaire;Livrée
V00738;2025-09-24;C0031;P003;COM02;3;583,89 €;15,0%;Commercial terrain;Livrée
V00739;2026-03-17;C0080;P018;COM04;9;70,44 €;0,0%;Commercial terrain;En cours
V00740;2025-06-04;C0129;P014;COM07;3;39,64 €;0,0%;E-commerce;En cours
V00741;2025-09-24;C0044;P030;COM04;2;156,50 €;5,0%;E-commerce;En cours
V00742;2026-01-01;C0144;P034;COM08;2;169,02 €;15,0%;Téléphone;Livrée
V00743;2025-12-24;C0025;P020;COM09;3;50,87 €;10,0%;Commercial terrain;Annulée
V00744;2026-08-23;C0057;P036;COM05;10;121,28 €;0,0%;Téléphone;En cours
V00745;2025-04-07;C0096;P020;COM07;11;51,81 €;0,0%;Partenaire;Livrée
V00746;2026-08-28;C0029;P011;COM04;1;38,18 €;15,0%;Partenaire;En cours
V00747;2025-10-03;C0003;P003;COM04;11;593,38 €;5,0%;Commercial terrain;Annulée
V00748;2025-05-13;C0057;P020;COM05;6;50,64 €;10,0%;E-commerce;Annulée
V00749;2026-09-09;C0113;P027;COM07;5;186,51 €;15,0%;Partenaire;Livrée
V00750;2025-01-22;C0056;P026;COM01;7;303,72 €;15,0%;Téléphone;Livrée
V00751;2025-11-02;C0145;P021;COM06;11;310,83 €;3,0%;E-commerce;Livrée
V00752;2026-06-09;C0054;P031;COM10;7;179,27 €;8,0%;Partenaire;Livrée
V00753;2026-03-09;C0109;P030;COM03;11;145,47 €;0,0%;Commercial terrain;En cours
V00754;2025-08-18;C0042;P036;COM02;11;129,08 €;0,0%;Commercial terrain;En cours
V00755;2026-03-24;C0022;P021;COM04;3;326,24 €;10,0%;Commercial terrain;Livrée
V00756;2026-06-20;C0126;P040;COM10;1;154,98 €;0,0%;E-commerce;Annulée
V00757;2026-03-12;C0122;P032;COM05;11;144,29 €;15,0%;Commercial terrain;Livrée
V00758;2025-09-18;C0022;P009;COM03;12;569,03 €;0,0%;Téléphone;En cours
V00759;2025-02-16;C0023;P021;COM10;6;310,17 €;5,0%;Partenaire;Annulée
V00760;2025-09-29;C0101;P015;COM07;3;37,39 €;8,0%;Commercial terrain;Livrée
V00761;2026-03-21;C0006;P027;COM05;2;182,27 €;10,0%;Partenaire;En cours
V00762;2026-02-19;C0144;P025;COM08;12;286,92 €;10,0%;Partenaire;Livrée
V00763;2025-03-31;C0035;P001;COM07;4;391,03 €;0,0%;Téléphone;Livrée
V00764;2025-08-03;C0143;P017;COM07;7;47,74 €;15,0%;Téléphone;Livrée
V00765;2025-11-05;C0136;P033;COM09;7;210,17 €;0,0%;Téléphone;En cours
V00766;2026-05-12;C0139;P031;COM05;10;173,72 €;3,0%;Partenaire;Livrée
V00767;2025-12-08;C0004;P030;COM09;7;153,66 €;10,0%;Commercial terrain;Livrée
V00768;2026-05-15;C0119;P035;COM04;10;131,39 €;10,0%;Partenaire;Livrée
V00769;2025-03-04;C0006;P040;COM06;6;155,03 €;3,0%;Partenaire;En cours
V00770;2025-04-30;C0146;P031;COM06;12;178,32 €;0,0%;Commercial terrain;Livrée
V00771;2026-04-26;C0102;P016;COM08;9;70,31 €;10,0%;Commercial terrain;Annulée
V00772;2026-04-25;C0036;P026;COM08;7;326,33 €;10,0%;Commercial terrain;En cours
V00773;2025-06-15;C0056;P006;COM02;11;496,47 €;0,0%;e-commerce;Livrée
V00774;2026-09-13;C0145;P029;COM05;8;155,67 €;0,0%;E-commerce;Livrée
V00775;2026-01-03;C0074;P012;COM04;3;68,93 €;8,0%;E-commerce;Livrée
V00776;2025-12-12;C0127;P016;COM05;2;73,61 €;5,0%;Commercial terrain;Livrée
V00777;2025-12-30;C0013;P011;COM10;12;42,41 €;8,0%;E-commerce;Livrée
V00778;2026-03-25;C0135;P007;COM05;10;374,27 €;15,0%;E-commerce;Annulée
V00779;2025-02-12;C0149;P012;COM01;11;62,74 €;0,0%;Commercial terrain;Livrée
V00780;2025-10-27;C0130;P007;COM08;3;376,09 €;3,0%;Téléphone;Livrée
V00781;2025-07-26;C0129;P001;COM08;4;430,36 €;5,0%;Commercial terrain;Livrée
V00782;2026-06-02;C0046;P019;COM09;6;75,60 €;5,0%;Commercial terrain;Livrée
V00783;2025-06-05;C0124;P010;COM03;7;406,23 €;5,0%;Partenaire;Annulée
V00784;2026-01-06;C0009;P011;COM02;1;41,58 €;8,0%;E-commerce;Livrée
V00785;2025-12-13;C0089;P012;COM08;7;62,25 €;15,0%;E-commerce;Livrée
V00786;2026-08-12;C0016;P029;COM06;7;167,95 €;10,0%;Commercial terrain;Livrée
V00787;2025-12-19;C0004;P036;COM10;10;133,65 €;10,0%;Partenaire;En cours
V00788;2025-07-30;C0130;P027;COM08;4;204,58 €;0,0%;E-commerce;Annulée
V00789;2025-12-09;C0115;P036;COM03;9;123,01 €;0,0%;Commercial terrain;Annulée
V00790;2025-12-15;C0043;P002;COM07;9;773,45 €;0,0%;Commercial terrain;En cours
V00791;2026-06-02;C0030;P025;COM05;5;285,19 €;3,0%;E-commerce;Livrée
V00792;2025-05-08;C0132;P040;COM02;12;143,89 €;3,0%;Téléphone;Annulée
V00793;2026-08-03;C0066;P021;COM02;5;313,40 €;15,0%;Téléphone;En cours
V00794;2026-06-17;C0071;P022;COM07;9;179,36 €;15,0%;Commercial terrain;En cours
V00795;2025-04-11;C0040;P029;COM10;2;151,22 €;5,0%;Téléphone;En cours
V00796;2025-08-08;C0132;P025;COM01;11;281,46 €;8,0%;Partenaire;Livrée
V00797;2026-08-22;C0147;P031;COM08;12;190,06 €;5,0%;Partenaire;Livrée
V00798;2025-05-28;C0149;P034;COM01;12;160,74 €;10,0%;E-commerce;Livrée
V00799;2026-04-12;C0140;P012;COM05;9;64,93 €;0,0%;Partenaire;Livrée
V00800;2025-05-04;C0109;P003;COM04;9;557,23 €;3,0%;Commercial terrain;Livrée
V00801;2025-11-07;C0084;P002;COM04;3;728,03 €;8,0%;Partenaire;Livrée
V00802;2025-11-09;C0080;P013;COM03;12;55,14 €;0,0%;Commercial terrain;Livrée
V00803;2025-02-15;C0123;P040;COM10;5;155,28 €;3,0%;Partenaire;En cours
V00804;2026-09-13;C0036;P035;COM07;11;126,95 €;5,0%;Partenaire;Livrée
V00805;2025-11-30;C0024;P026;COM04;4;329,10 €;3,0%;E-commerce;En cours
V00806;2025-10-12;C0024;P002;COM03;10;777,24 €;15,0%;Commercial terrain;Annulée
V00807;2025-05-07;C0023;P037;COM09;10;205,01 €;8,0%;Téléphone;En cours
V00808;2026-05-30;C0006;P037;COM05;3;210,37 €;3,0%;Téléphone;Livrée
V00809;2026-08-17;C0130;P037;COM07;10;193,57 €;8,0%;E-commerce;En cours
V00810;2025-01-24;C0101;P013;COM08;7;51,75 €;8,0%;Commercial terrain;En cours
V00811;2025-09-21;C0025;P007;COM09;9;352,77 €;0,0%;Téléphone;Livrée
V00812;2025-04-02;C0042;P029;COM02;11;152,84 €;8,0%;Commercial terrain;Livrée
V00813;2025-01-28;C0016;P026;COM06;2;305,17 €;5,0%;Commercial terrain;Livrée
V00814;2026-01-20;C0033;P014;COM01;4;43,52 €;8,0%;Téléphone;En cours
V00815;2026-06-05;C0149;P009;COM02;5;524,84 €;5,0%;Partenaire;Livrée
V00816;2026-05-11;C0009;P016;COM02;1;70,78 €;8,0%;E-commerce;Livrée
V00817;2026-07-23;C0035;P040;COM08;7;152,85 €;15,0%;Téléphone;Livrée
V00818;2026-01-18;C0046;P037;COM09;7;210,34 €;8,0%;Partenaire;Livrée
V00819;2025-01-02;C0136;P012;COM10;1;62,24 €;5,0%;Commercial terrain;Annulée
V00820;2025-09-14;C0113;P015;COM08;10;41,38 €;3,0%;E-commerce;Livrée
V00821;2026-07-01;C0019;P006;COM04;7;510,62 €;15,0%;Téléphone;Annulée
V00822;2025-10-14;C0127;P035;COM05;6;134,07 €;3,0%;Commercial terrain;En cours
V00823;2025-10-07;C0070;P023;COM02;4;208,34 €;8,0%;Commercial terrain;Livrée
V00824;2025-05-17;C0001;P001;COM02;1;421,54 €;5,0%;Partenaire;En cours
V00825;2026-07-06;C0022;P037;COM03;1;208,54 €;15,0%;Partenaire;Livrée
V00826;2025-12-28;C0112;P026;COM02;3;326,58 €;15,0%;E-commerce;Livrée
V00827;2026-04-19;C0109;P031;COM03;1;173,22 €;0,0%;Commercial terrain;Livrée
V00828;2025-07-16;C0025;P016;COM10;4;77,63 €;3,0%;E-commerce;Livrée
V00829;2026-05-20;C0056;P014;COM01;11;41,54 €;15,0%;Commercial terrain;Annulée
V00830;2026-05-28;C0146;P039;COM05;4;142,60 €;8,0%;Téléphone;Livrée
V00831;2026-08-26;C0035;P010;COM07;5;434,44 €;15,0%;Téléphone;Annulée
V00832;2025-10-08;C0052;P037;COM09;10;191,81 €;8,0%;Partenaire;Livrée
V00833;2026-03-14;C0015;P030;COM06;7;142,52 €;10,0%;Partenaire;En cours
V00834;2026-01-06;C0013;P004;COM09;5;700,35 €;8,0%;Partenaire;Livrée
V00835;2025-01-06;C0116;P023;COM09;2;219,96 €;15,0%;E-commerce;Livrée
V00836;2026-03-10;C0021;P014;COM01;3;41,17 €;0,0%;E-commerce;Livrée
V00837;2026-05-07;C0127;P023;COM05;5;202,46 €;5,0%;Téléphone;Livrée
V00838;2025-02-25;C0098;P005;COM05;10;386,22 €;15,0%;E-commerce;En cours
V00839;2026-08-16;C0034;P004;COM03;1;652,96 €;15,0%;E-commerce;Livrée
V00840;2025-03-05;C0130;P021;COM07;10;311,75 €;0,0%;E-commerce;Livrée
V00841;2026-07-27;C0015;P026;COM06;7;295,92 €;15,0%;Partenaire;Livrée
V00842;2026-09-06;C0004;P026;COM10;8;324,77 €;8,0%;E-commerce;Livrée
V00843;2025-01-27;C0134;P014;COM10;2;39,91 €;8,0%;e-commerce;Annulée
V00844;2025-07-18;C0035;P024;COM08;7;302,28 €;8,0%;Partenaire;Livrée
V00845;2025-09-06;C0038;P004;COM03;3;647,21 €;5,0%;Commercial terrain;Livrée
V00846;2026-08-21;C0040;P033;COM09;5;227,38 €;3,0%;Commercial terrain;Livrée
V00847;2026-06-15;C0040;P017;COM09;9;47,60 €;8,0%;E-commerce;En cours
V00848;2025-12-19;C0053;P014;COM05;2;41,24 €;10,0%;Partenaire;En cours
V00849;2026-09-07;C0096;P021;COM08;7;299,70 €;0,0%;Partenaire;Livrée
V00850;2026-05-23;C0062;P016;COM05;12;70,41 €;8,0%;Téléphone;Livrée
V00851;2026-05-08;C0096;P015;COM08;7;37,95 €;0,0%;Commercial terrain;Livrée
V00852;2025-03-17;C0105;P039;COM09;2;133,06 €;5,0%;Téléphone;Annulée
V00853;2026-01-04;C0013;P014;COM09;4;40,92 €;0,0%;Commercial terrain;Livrée
V00854;2025-12-14;C0070;P014;COM01;1;40,32 €;3,0%;E-commerce;Livrée
V00855;2025-05-21;C0113;P023;COM07;4;204,06 €;0,0%;Commercial terrain;Livrée
V00856;2025-06-25;C0128;P009;COM01;3;585,29 €;0,0%;Téléphone;Livrée
V00857;2026-06-30;C0112;P022;COM02;10;175,78 €;10,0%;Téléphone;Livrée
V00858;2026-08-25;C0051;P011;COM08;6;39,07 €;10,0%;Commercial terrain;Livrée
V00859;2026-06-05;C0145;P006;COM05;8;516,70 €;8,0%;E-commerce;Livrée
V00860;2026-06-05;C0115;P034;COM04;9;160,88 €;3,0%;Commercial terrain;Annulée
V00861;2026-05-10;C0146;P019;COM06;10;72,55 €;15,0%;E-commerce;Livrée
V00862;2025-08-13;C0054;P017;COM10;7;43,98 €;5,0%;Partenaire;Annulée
V00863;2025-06-10;C0111;P039;COM10;2;132,91 €;0,0%;Commercial terrain;En cours
V00864;2026-06-16;C0104;P003;COM01;8;584,89 €;3,0%;Partenaire;En cours
V00865;2026-04-24;C0127;P025;COM06;8;273,71 €;5,0%;E-commerce;Livrée
V00866;2026-03-29;C0066;P005;COM02;6;400,37 €;3,0%;E-commerce;Livrée
V00867;2025-08-22;C0027;P005;COM01;6;357,05 €;0,0%;Commercial terrain;Livrée
V00868;2025-12-04;C0072;P019;COM10;4;75,51 €;0,0%;Commercial terrain;Livrée
V00869;2025-11-03;C0080;P027;COM04;7;203,06 €;15,0%;E-commerce;En cours
V00870;2026-06-09;C0041;P016;COM04;4;75,16 €;0,0%;Partenaire;Livrée
V00871;2026-06-13;C0137;P023;COM02;2;204,28 €;0,0%;Partenaire;En cours
V00872;2025-08-03;C0129;P039;COM08;1;137,34 €;8,0%;Téléphone;Livrée
V00873;2025-01-10;C0147;P023;COM08;4;207,22 €;10,0%;Partenaire;Annulée
V00874;2025-11-03;C0095;P040;COM09;1;162,52 €;0,0%;Commercial terrain;Annulée
V00875;2026-09-10;C0116;P015;COM10;7;37,32 €;5,0%;Téléphone;En cours
V00876;2025-04-22;C0096;P021;COM08;2;293,34 €;10,0%;Téléphone;Livrée
V00877;2026-09-10;C0145;P013;COM05;4;52,08 €;5,0%;Commercial terrain;Livrée
V00878;2025-08-27;C0083;P032;COM09;1;137,78 €;0,0%;Téléphone;Livrée
V00879;2026-02-25;C0116;P009;COM09;3;559,83 €;5,0%;E-commerce;En cours
V00880;2025-07-31;C0036;P021;COM07;7;319,51 €;10,0%;Partenaire;Livrée
V00881;2026-09-11;C0088;P035;COM09;12;130,72 €;3,0%;Téléphone;Livrée
V00882;2025-05-27;C0132;P027;COM01;10;202,69 €;8,0%;Commercial terrain;Annulée
V00883;2026-05-18;C0135;P040;COM06;1;158,77 €;3,0%;Partenaire;Livrée
V00884;2025-11-01;C0116;P029;COM09;4;153,06 €;8,0%;Partenaire;En cours
V00885;2026-01-29;C0049;P027;COM09;12;206,24 €;0,0%;Téléphone;Livrée
V00886;2026-07-05;C0083;P015;COM09;8;39,13 €;15,0%;E-commerce;Livrée
V00887;2025-03-20;C0028;P029;COM08;8;152,75 €;0,0%;E-commerce;En cours
V00888;2025-01-28;C0020;P026;COM08;6;322,74 €;15,0%;Téléphone;En cours
V00889;2025-02-08;C0004;P009;COM10;12;587,82 €;3,0%;Partenaire;En cours
V00890;2026-04-18;C0019;P039;COM03;11;134,90 €;5,0%;Téléphone;En cours
V00891;2025-10-13;C0044;P002;COM03;10;723,84 €;3,0%;E-commerce;Annulée
V00892;2026-02-05;C0046;P001;COM09;11;399,81 €;5,0%;Commercial terrain;Livrée
V00893;2025-08-10;C0010;P031;COM01;12;169,10 €;10,0%;E-commerce;En cours
V00894;2025-11-12;C0130;P001;COM07;1;426,96 €;15,0%;Téléphone;Livrée
V00895;2026-01-19;C0069;P006;COM09;1;492,45 €;0,0%;Commercial terrain;Livrée
V00896;2025-03-06;C0062;P012;COM05;12;63,17 €;5,0%;E-commerce;Livrée
V00897;2025-11-27;C0051;P037;COM07;7;209,76 €;0,0%;Téléphone;Livrée
V00898;2025-04-19;C0105;P013;COM10;1;54,51 €;3,0%;E-commerce;En cours
V00899;2025-08-06;C0135;P005;COM05;11;396,03 €;10,0%;Commercial terrain;Livrée
V00900;2025-03-10;C0059;P021;COM04;10;306,62 €;0,0%;Téléphone;Livrée
V00901;2025-04-08;C0095;P010;COM10;6;393,31 €;15,0%;Commercial terrain;En cours
V00902;2025-03-11;C0098;P031;COM05;7;180,09 €;10,0%;Téléphone;Annulée
V00903;2026-08-25;C0005;P002;COM01;10;790,24 €;0,0%;Commercial terrain;Livrée
V00904;2026-03-15;C0070;P004;COM01;3;652,71 €;3,0%;Téléphone;Livrée
V00905;2026-01-20;C0055;P017;COM09;12;46,27 €;5,0%;Commercial terrain;Livrée
V00906;2025-10-12;C0091;P036;COM05;7;129,10 €;3,0%;E-commerce;Livrée
V00907;2025-12-06;C0101;P015;COM07;9;37,27 €;10,0%;Téléphone;Livrée
V00908;2026-09-15;C0113;P013;COM08;8;56,16 €;0,0%;Partenaire;Livrée
V00909;2025-07-17;C0015;P015;COM05;3;37,46 €;8,0%;Téléphone;Livrée
V00910;2026-06-04;C0022;P032;COM04;5;134,00 €;0,0%;Téléphone;En cours
V00911;2025-06-30;C0071;P020;COM08;10;48,39 €;10,0%;Téléphone;Livrée
V00912;2026-05-08;C0022;P027;COM04;7;186,24 €;5,0%;Partenaire;Annulée
V00913;2026-03-20;C0042;P002;COM02;7;756,80 €;0,0%;Commercial terrain;Annulée
V00914;2026-07-05;C0042;P018;COM01;7;71,87 €;5,0%;Commercial terrain;En cours
V00915;2026-07-30;C0143;P023;COM07;3;215,39 €;0,0%;Téléphone;Livrée
V00916;2025-01-05;C0005;P034;COM02;7;170,72 €;5,0%;Commercial terrain;En cours
V00917;2026-05-17;C0087;P029;COM09;1;170,20 €;0,0%;Partenaire;Annulée
V00918;2025-06-16;C0052;P018;COM10;12;70,78 €;10,0%;Partenaire;Livrée
V00919;2025-03-01;C0114;P017;COM10;4;45,54 €;15,0%;Commercial terrain;Livrée
V00920;2025-06-01;C0074;P011;COM04;5;39,07 €;8,0%;Téléphone;Livrée
V00921;2025-04-30;C0025;P027;COM10;12;197,00 €;0,0%;Téléphone;En cours
V00922;2025-06-19;C0126;P021;COM10;9;325,57 €;10,0%;Partenaire;Annulée
V00923;2025-11-12;C0122;P007;COM05;11;372,47 €;15,0%;Commercial terrain;Livrée
V00924;2025-10-03;C0056;P021;COM02;1;326,35 €;15,0%;Partenaire;Livrée
V00925;2025-04-10;C0019;P036;COM04;7;129,20 €;10,0%;Partenaire;Livrée
V00926;2025-06-30;C0111;P010;COM09;4;410,19 €;8,0%;E-commerce;En cours
V00927;2026-08-04;C0057;P014;COM05;1;43,51 €;15,0%;Téléphone;Livrée
V00928;2026-02-23;C0129;P012;COM07;2;64,27 €;5,0%;E-commerce;Livrée
V00929;2025-03-07;C0101;P017;COM07;8;45,59 €;15,0%;E-commerce;Livrée
V00930;2025-03-04;C0076;P003;COM05;2;561,68 €;15,0%;E-commerce;En cours
V00931;2026-09-10;C0076;P033;COM06;6;227,41 €;3,0%;Commercial terrain;Livrée
V00932;2025-11-19;C0069;P027;COM10;7;197,63 €;3,0%;Commercial terrain;Livrée
V00933;2025-01-04;C0134;P010;COM10;1;416,45 €;15,0%;Commercial terrain;Livrée
V00934;2026-01-13;C0133;P035;COM04;7;130,31 €;0,0%;Commercial terrain;Livrée
V00935;2026-01-04;C0013;P031;COM10;4;182,37 €;5,0%;E-commerce;Livrée
V00936;2026-03-15;C0140;P026;COM05;5;317,01 €;10,0%;Téléphone;Annulée
V00937;2026-08-09;C0149;P010;COM01;8;427,02 €;3,0%;Partenaire;Livrée
V00938;2026-04-02;C0031;P037;COM02;4;191,55 €;0,0%;E-commerce;Livrée
V00939;2026-03-22;C0009;P022;COM01;7;183,66 €;0,0%;Commercial terrain;En cours
V00940;2025-05-07;C0037;P006;COM02;12;486,61 €;0,0%;E-commerce;Livrée
V00941;2026-01-22;C0113;P016;COM08;4;70,69 €;3,0%;E-commerce;Livrée
V00942;2025-04-02;C0101;P009;COM07;10;547,42 €;15,0%;Commercial terrain;En cours
V00943;2026-08-14;C0001;P004;COM02;10;666,82 €;15,0%;Partenaire;En cours
V00944;2025-11-24;C0108;P036;COM05;11;128,32 €;0,0%;E-commerce;En cours
V00945;2025-01-10;C0135;P011;COM06;5;42,21 €;5,0%;Partenaire;Livrée
V00946;2026-09-08;C0080;P003;COM03;10;570,09 €;8,0%;E-commerce;Livrée
V00947;2026-08-11;C0142;P034;COM05;5;165,99 €;5,0%;E-commerce;Livrée
V00948;2025-06-06;C0056;P004;COM01;3;694,95 €;10,0%;Partenaire;Livrée
V00949;2025-06-13;C0007;P023;COM10;7;214,37 €;3,0%;Partenaire;En cours
V00950;2025-03-15;C0080;P014;COM04;12;44,10 €;5,0%;E-commerce;Livrée
V00951;2025-11-28;C0015;P032;COM06;11;133,99 €;0,0%;Partenaire;En cours
V00952;2025-10-26;C0040;P015;COM09;12;38,01 €;10,0%;E-commerce;Livrée
V00953;2026-08-13;C0028;P026;COM07;7;319,99 €;0,0%;E-commerce;Livrée
V00954;2025-12-31;C0140;P004;COM05;2;705,77 €;10,0%;Commercial terrain;Annulée
V00955;2026-03-21;C0041;P017;COM04;1;43,38 €;5,0%;Partenaire;Livrée
V00956;2026-09-03;C0047;P006;COM02;8;521,56 €;10,0%;Partenaire;Livrée
V00957;2026-04-01;C0109;P009;COM03;2;526,46 €;5,0%;Téléphone;Livrée
V00958;2026-08-24;C0142;P007;COM06;10;353,40 €;5,0%;Partenaire;Livrée
V00959;2026-08-09;C0035;P022;COM07;2;182,43 €;15,0%;Téléphone;En cours
V00960;2025-01-21;C0116;P005;COM10;9;397,14 €;8,0%;E-commerce;Livrée
V00961;2025-05-01;C0049;P001;COM09;9;409,27 €;3,0%;E-commerce;Livrée
V00962;2025-05-12;C0055;P006;COM09;9;481,62 €;15,0%;E-commerce;Livrée
V00963;2025-05-08;C0149;P025;COM02;9;268,33 €;10,0%;e-commerce;Livrée
V00964;2025-11-04;C0013;P037;COM10;8;188,85 €;5,0%;Commercial terrain;Annulée
V00965;2025-12-27;C0150;P007;COM07;11;384,50 €;0,0%;E-commerce;Livrée
V00966;2025-05-26;C0085;P010;COM03;10;413,75 €;8,0%;Commercial terrain;Livrée
V00967;2025-05-12;C0125;P039;COM03;5;135,24 €;10,0%;Téléphone;En cours
V00968;2026-04-13;C0023;P030;COM10;12;139,99 €;0,0%;E-commerce;Livrée
V00969;2025-07-17;C0111;P029;COM09;3;155,94 €;15,0%;Partenaire;En cours
V00970;2025-01-27;C0071;P019;COM07;2;73,82 €;10,0%;Partenaire;Livrée
V00971;2025-12-04;C0024;P023;COM04;5;199,67 €;15,0%;Téléphone;Livrée
V00972;2025-01-11;C0027;P016;COM02;7;77,36 €;15,0%;E-commerce;Livrée
V00973;2026-06-24;C0087;P007;COM10;9;361,57 €;8,0%;Commercial terrain;Annulée
V00974;2025-10-05;C0027;P012;COM01;6;69,97 €;5,0%;Téléphone;Livrée
V00975;2026-06-29;C0120;P010;COM04;5;384,32 €;8,0%;Téléphone;Livrée
V00976;2025-05-27;C0112;P004;COM02;12;675,90 €;3,0%;Téléphone;Annulée
V00977;2026-03-05;C0135;P031;COM05;6;186,92 €;8,0%;Commercial terrain;Livrée
V00978;2026-03-15;C0065;P006;COM06;5;491,45 €;3,0%;E-commerce;Livrée
V00979;2025-03-20;C0069;P012;COM09;10;62,21 €;10,0%;Commercial terrain;Annulée
V00980;2026-05-20;C0004;P035;COM10;12;121,48 €;5,0%;E-commerce;En cours
V00981;2025-01-15;C0051;P030;COM07;12;147,57 €;3,0%;Téléphone;Annulée
V00982;2025-02-13;C0132;P036;COM01;4;121,19 €;3,0%;Téléphone;Annulée
V00983;2025-12-28;C0015;P034;COM06;7;154,61 €;0,0%;Commercial terrain;Livrée
V00984;2026-07-07;C0033;P021;COM02;8;298,29 €;0,0%;E-commerce;Annulée
V00985;2026-02-08;C0059;P035;COM04;1;134,94 €;8,0%;Partenaire;Livrée
V00986;2025-12-31;C0003;P023;COM04;5;205,41 €;0,0%;Commercial terrain;Livrée
V00987;2026-02-16;C0104;P007;COM01;7;368,54 €;0,0%;Téléphone;En cours
V00988;2025-05-07;C0144;P011;COM07;11;39,08 €;5,0%;Partenaire;Livrée
V00989;2025-11-03;C0108;P013;COM06;9;57,49 €;0,0%;Partenaire;En cours
V00990;2025-06-15;C0038;P030;COM04;1;144,17 €;15,0%;Téléphone;Livrée
V00991;2025-07-14;C0080;P010;COM03;7;406,64 €;3,0%;E-commerce;Livrée
V00992;2025-07-23;C0142;P009;COM06;7;556,34 €;5,0%;Téléphone;Livrée
V00993;2026-02-14;C0148;P010;COM08;2;435,74 €;15,0%;E-commerce;Livrée
V00994;2025-06-09;C0102;P017;COM07;1;46,75 €;3,0%;Partenaire;Annulée
V00995;2025-01-09;C0128;P020;COM02;5;48,63 €;15,0%;Partenaire;Livrée
V00996;2025-06-06;C0150;P017;COM07;5;47,28 €;15,0%;Commercial terrain;Livrée
V00997;2026-03-16;C0053;P007;COM06;12;380,15 €;8,0%;Téléphone;Livrée
V00998;2026-08-29;C0041;P009;COM03;3;549,89 €;3,0%;Téléphone;Livrée
V00999;2026-03-13;C0006;P006;COM05;1;489,73 €;8,0%;Commercial terrain;Livrée
V01000;2025-08-16;C0099;P033;COM10;1;224,62 €;10,0%;E-commerce;Livrée
V01001;2025-04-23;C0076;P019;COM06;6;75,56 €;0,0%;Commercial terrain;Livrée
V01002;2025-07-06;C0012;P004;COM09;11;685,14 €;0,0%;Commercial terrain;En cours
V01003;2025-10-14;C0027;P013;COM02;5;58,49 €;3,0%;Commercial terrain;Livrée
V01004;2025-04-25;C0026;P039;COM05;3;136,54 €;10,0%;Commercial terrain;Annulée
V01005;2026-06-26;C0111;P019;COM09;4;74,33 €;0,0%;E-commerce;Livrée
V01006;2026-09-09;C0033;P014;COM01;4;43,26 €;0,0%;E-commerce;Annulée
V01007;2025-12-18;C0086;P014;COM02;9;43,35 €;0,0%;Téléphone;Livrée
V01008;2026-03-05;C0072;P025;COM10;8;285,30 €;0,0%;Partenaire;Livrée
V01009;2026-05-10;C0124;P012;COM03;10;64,10 €;0,0%;Commercial terrain;Livrée
V01010;2026-08-03;C0017;P027;COM09;8;199,53 €;15,0%;E-commerce;Livrée
V01011;2026-03-25;C0150;P039;COM08;7;137,83 €;3,0%;Téléphone;Livrée
V01012;2025-01-04;C0043;P001;COM07;9;409,72 €;10,0%;Commercial terrain;Livrée
V01013;2025-08-14;C0084;P039;COM04;2;133,59 €;0,0%;Téléphone;Livrée
V01014;2025-02-10;C0040;P010;COM10;5;431,17 €;0,0%;Téléphone;Livrée
V01015;2026-07-02;C0031;P024;COM01;11;307,23 €;3,0%;Commercial terrain;Livrée
V01016;2026-07-17;C0075;P029;COM01;10;155,49 €;0,0%;E-commerce;Livrée
V01017;2025-08-13;C0079;P018;COM07;1;72,58 €;15,0%;E-commerce;En cours
V01018;2025-09-21;C0055;P016;COM10;6;70,78 €;8,0%;Partenaire;Livrée
V01019;2026-04-02;C0066;P025;COM02;3;295,38 €;0,0%;Partenaire;Livrée
V01020;2026-04-16;C0050;P014;COM05;10;42,07 €;10,0%;Téléphone;Livrée
V01021;2025-01-22;C0088;P013;COM09;7;56,58 €;0,0%;E-commerce;Livrée
V01022;2025-03-15;C0126;P032;COM09;11;148,92 €;0,0%;Téléphone;Livrée
V01023;2026-09-10;C0027;P026;COM02;1;296,50 €;0,0%;E-commerce;Livrée
V01024;2025-09-12;C0023;P011;COM10;11;40,95 €;15,0%;E-commerce;Livrée
V01025;2026-07-10;C0099;P014;COM09;3;42,01 €;8,0%;Partenaire;Livrée
V01026;2025-11-11;C0096;P011;COM08;4;38,05 €;10,0%;Commercial terrain;Annulée
V01027;2025-05-07;C0007;P007;COM09;9;359,03 €;8,0%;Partenaire;Livrée
V01028;2025-01-02;C0063;P016;COM01;7;71,90 €;3,0%;Commercial terrain;Livrée
V01029;2026-01-29;C0030;P012;COM06;2;63,67 €;3,0%;Commercial terrain;Livrée
V01030;2025-12-08;C0033;P006;COM02;1;504,46 €;0,0%;Partenaire;Annulée
V01031;2025-12-09;C0049;P011;COM10;11;41,41 €;8,0%;Commercial terrain;Livrée
V01032;2025-04-17;C0077;P025;COM04;5;291,99 €;10,0%;E-commerce;Livrée
V01033;2025-06-02;C0040;P011;COM10;7;40,13 €;15,0%;Partenaire;Livrée
V01034;2025-04-26;C0126;P011;COM10;2;39,47 €;0,0%;Téléphone;En cours
V01035;2025-12-28;C0091;P999;COM06;8;150,65 €;5,0%;Commercial terrain;Livrée
V01036;2025-09-09;C0114;P039;COM10;8;140,37 €;5,0%;Téléphone;En cours
V01037;2025-03-27;C0124;P006;COM03;4;488,51 €;0,0%;E-commerce;Livrée
V01038;2026-07-26;C0140;P009;COM05;1;587,39 €;3,0%;Téléphone;Livrée
V01039;2026-04-17;C0039;P017;COM06;4;47,65 €;0,0%;Téléphone;Livrée
V01040;2025-05-27;C0112;P030;COM01;6;138,26 €;0,0%;E-commerce;En cours
V01041;2026-09-01;C0043;P011;COM07;6;38,50 €;0,0%;E-commerce;Livrée
V01042;2026-08-06;C0123;P013;COM09;8;56,99 €;10,0%;Commercial terrain;En cours
V01043;2026-02-26;C0099;P001;COM10;5;391,00 €;0,0%;E-commerce;Annulée
V01044;2025-06-27;C0148;P001;COM07;7;430,24 €;10,0%;Partenaire;Annulée
V01045;2025-09-22;C0148;P016;COM08;7;77,17 €;3,0%;E-commerce;Annulée
V01046;2026-01-22;C0035;P027;COM07;10;183,37 €;5,0%;Téléphone;Annulée
V01047;2026-09-12;C0021;P033;COM02;6;228,84 €;5,0%;Partenaire;Livrée
V01048;2025-02-25;C0111;P014;COM10;5;39,94 €;0,0%;Commercial terrain;Annulée
V01049;2025-12-10;C0009;P020;COM01;3;48,99 €;0,0%;Téléphone;Annulée
V01050;2025-01-12;C0088;P039;COM09;4;142,20 €;0,0%;Téléphone;Livrée
V01051;2025-03-29;C9999;P003;COM10;1;569,66 €;3,0%;E-commerce;Livrée
V01052;2025-10-17;C0117;P022;COM05;7;182,71 €;0,0%;E-commerce;Livrée
V01053;2026-02-22;C0148;P035;COM07;3;119,58 €;15,0%;Partenaire;En cours
V01054;2026-08-24;C0011;P012;COM04;3;67,66 €;0,0%;E-commerce;Livrée
V01055;2025-08-09;C0039;P035;COM05;9;135,90 €;8,0%;Commercial terrain;En cours
V01056;2025-05-15;C0099;P025;COM10;10;293,67 €;5,0%;E-commerce;En cours
V01057;2025-09-02;C0056;P011;COM01;10;41,10 €;5,0%;E-commerce;Livrée
V01058;2025-05-27;C0088;P034;COM09;2;160,67 €;0,0%;Commercial terrain;Livrée
V01059;2025-03-11;C0079;P024;COM08;2;285,87 €;10,0%;Partenaire;Livrée
V01060;2026-04-30;C0073;P010;COM08;2;436,50 €;5,0%;E-commerce;Livrée
V01061;2025-10-21;C0119;P010;COM04;8;403,69 €;15,0%;Commercial terrain;Livrée
V01062;2025-03-27;C0122;P018;COM06;11;67,86 €;10,0%;E-commerce;Livrée
V01063;2026-07-29;C0004;P007;COM09;5;362,89 €;8,0%;Partenaire;Livrée
V01064;2025-08-17;C0115;P006;COM04;6;495,35 €;10,0%;Partenaire;Livrée
V01065;2025-03-29;C0049;P027;COM09;7;187,06 €;3,0%;E-commerce;Livrée
V01066;2025-12-17;C0144;P033;COM07;2;217,76 €;0,0%;Téléphone;En cours
V01067;2025-05-30;C0057;P040;COM06;1;163,86 €;15,0%;Partenaire;Livrée
V01068;2026-01-06;C0127;P015;COM06;1;38,09 €;0,0%;Partenaire;Livrée
V01069;2025-09-16;C0048;P011;COM09;2;39,21 €;0,0%;Commercial terrain;En cours
V01070;2026-03-06;C0057;P013;COM06;1;52,25 €;5,0%;Commercial terrain;Livrée
V01071;2025-06-18;C0053;P029;COM06;8;159,30 €;10,0%;Téléphone;En cours
V01072;2025-12-30;C0115;P039;COM03;10;134,10 €;10,0%;Téléphone;Livrée
V01073;2025-11-21;C0005;P032;COM01;3;140,20 €;3,0%;E-commerce;En cours
V01074;2025-09-27;C0001;P010;COM02;11;408,17 €;8,0%;E-commerce;Livrée
V01075;2025-08-12;C0051;P037;COM08;3;200,91 €;0,0%;Commercial terrain;Livrée
V01076;2025-07-15;C0005;P025;COM02;1;273,16 €;3,0%;E-commerce;En cours
V01077;2026-04-12;C0122;P024;COM06;6;316,15 €;5,0%;Commercial terrain;Livrée
V01078;2025-06-30;C0135;P025;COM06;3;282,44 €;0,0%;Partenaire;En cours
V01079;2025-10-19;C0128;P007;COM02;2;383,83 €;0,0%;E-commerce;Livrée
V01080;2026-02-26;C0028;P037;COM08;2;201,76 €;8,0%;E-commerce;Livrée
V01081;2026-03-07;C0057;P032;COM05;9;138,01 €;0,0%;Partenaire;Livrée
V01082;2025-12-26;C0136;P027;COM10;1;206,09 €;15,0%;Téléphone;Annulée
V01083;2025-10-18;C0076;P021;COM06;7;313,65 €;0,0%;Partenaire;Livrée
V01084;2025-01-16;C0008;P025;COM07;9;292,34 €;8,0%;Commercial terrain;Livrée
V01085;2025-06-24;C0127;P039;COM05;7;133,99 €;10,0%;Partenaire;Livrée
V01086;2026-08-15;C0126;P026;COM09;12;299,13 €;3,0%;Téléphone;En cours
V01087;2025-08-25;C0027;P999;COM01;2;129,82 €;15,0%;Partenaire;Livrée
V01088;2026-07-21;C0043;P015;COM08;2;37,47 €;5,0%;E-commerce;Annulée
V01089;2025-06-06;C0009;P040;COM01;7;144,30 €;10,0%;Téléphone;En cours
V01090;2026-01-02;C0050;P016;COM05;5;70,06 €;15,0%;Téléphone;En cours
V01091;2025-09-24;C0015;P006;COM06;3;505,96 €;10,0%;E-commerce;Livrée
V01092;2026-04-16;C0034;P011;COM03;5;39,15 €;0,0%;E-commerce;Livrée
V01093;2026-05-22;C0106;P027;COM03;2;194,55 €;0,0%;Partenaire;Livrée
V01094;2026-05-14;C0021;P029;COM01;7;168,04 €;10,0%;Partenaire;Livrée
V01095;2025-07-04;C0085;P013;COM03;11;55,71 €;8,0%;E-commerce;Livrée
V01096;2025-12-18;C0102;P037;COM08;1;189,33 €;10,0%;Commercial terrain;Livrée
V01097;2025-07-17;C0009;P036;COM01;9;130,98 €;0,0%;Commercial terrain;Livrée
V01098;2025-08-11;C0009;P010;COM02;4;388,33 €;10,0%;Téléphone;Livrée
V01099;2025-10-08;C0143;P006;COM07;6;511,26 €;10,0%;Commercial terrain;En cours
V01100;2026-05-23;C0128;P014;COM02;5;40,30 €;10,0%;Commercial terrain;En cours
V01101;2025-04-16;C0088;P015;COM09;12;39,53 €;5,0%;Partenaire;Annulée
V01102;2025-10-06;C0091;P026;COM05;7;300,20 €;3,0%;Commercial terrain;Livrée
V01103;2026-04-06;C0045;P035;COM01;5;129,07 €;3,0%;Commercial terrain;En cours
V01104;2025-01-31;C0031;P022;COM01;7;184,24 €;3,0%;Téléphone;Livrée
V01105;2025-08-09;C0111;P011;COM10;6;38,40 €;3,0%;E-commerce;Livrée
V01106;2025-08-07;C0137;P016;COM02;9;68,83 €;3,0%;Téléphone;Annulée
V01107;2025-08-11;C0028;P005;COM08;10;399,92 €;5,0%;Partenaire;Livrée
V01108;2025-11-24;C0053;P004;COM05;8;663,58 €;3,0%;Partenaire;Livrée
V01109;2025-05-08;C0133;P022;COM03;10;174,68 €;8,0%;E-commerce;Livrée
V01110;2025-01-19;C0003;P020;COM04;3;50,91 €;5,0%;E-commerce;Annulée
V01111;2026-06-25;C0012;P002;COM10;2;761,09 €;15,0%;Partenaire;Livrée
V01112;2025-10-09;C0091;P027;COM06;2;196,23 €;3,0%;Partenaire;Annulée
V01113;2025-02-18;C0116;P032;COM10;8;146,67 €;0,0%;Commercial terrain;Annulée
V01114;2025-04-16;C0009;P004;COM01;1;632,06 €;3,0%;Partenaire;Livrée
V01115;2025-06-24;C0024;P025;COM03;9;298,61 €;10,0%;E-commerce;Livrée
V01116;2025-02-14;C0030;P021;COM05;2;297,08 €;10,0%;Partenaire;Livrée
V01117;2025-06-24;C0038;P009;COM04;3;543,86 €;0,0%;Partenaire;En cours
V01118;2025-05-06;C0069;P034;COM10;5;157,84 €;10,0%;Partenaire;Livrée
V01119;2025-04-05;C0075;P006;COM02;6;501,44 €;15,0%;Téléphone;Livrée
V01120;2025-03-21;C0021;P004;COM02;4;621,06 €;0,0%;Partenaire;En cours
V01121;2025-07-12;C0144;P023;COM07;4;218,13 €;15,0%;Commercial terrain;Livrée
V01122;2026-04-10;C0042;P010;COM01;4;433,52 €;5,0%;Partenaire;Annulée
V01123;2026-06-10;C0054;P014;COM10;2;40,88 €;0,0%;Commercial terrain;Annulée
V01124;2025-04-15;C0040;P007;COM10;12;349,95 €;0,0%;Partenaire;Livrée
V01125;2025-10-01;C0009;P036;COM02;8;124,15 €;0,0%;E-commerce;Livrée
V01126;2026-03-18;C0057;P027;COM05;9;193,01 €;3,0%;E-commerce;En cours
V01127;2025-10-07;C0109;P004;COM03;11;653,41 €;5,0%;Téléphone;Livrée
V01128;2025-07-13;C0120;P019;COM03;9;74,55 €;8,0%;Partenaire;Livrée
V01129;2025-02-21;C0071;P016;COM07;2;68,70 €;0,0%;Commercial terrain;Livrée
V01130;2025-03-09;C0027;P016;COM02;10;74,93 €;5,0%;Partenaire;En cours
V01131;2025-04-14;C0062;P034;COM06;4;154,62 €;0,0%;Commercial terrain;Livrée
V01132;2026-09-03;C0082;P007;COM03;3;369,09 €;10,0%;Partenaire;Livrée
V01133;2025-09-02;C0046;P005;COM10;3;364,53 €;5,0%;Téléphone;Livrée
V01134;2026-05-01;C0126;P002;COM10;3;811,96 €;0,0%;Téléphone;Livrée
V01135;2026-09-01;C0104;P001;COM02;8;432,44 €;5,0%;E-commerce;Livrée
V01136;2025-01-18;C0083;P036;COM09;9;121,06 €;0,0%;E-commerce;Livrée
V01137;2025-11-08;C0098;P034;COM06;12;158,46 €;8,0%;Commercial terrain;En cours
V01138;2025-09-17;C0108;P001;COM06;6;401,33 €;3,0%;Partenaire;Livrée
V01139;2025-10-04;C0007;P029;COM09;4;163,18 €;0,0%;Commercial terrain;En cours
V01140;2025-02-01;C0070;P025;COM02;4;289,53 €;0,0%;Partenaire;Livrée
V01141;2025-10-08;C0133;P018;COM03;11;70,78 €;3,0%;Partenaire;Annulée
V01142;2026-03-04;C0078;P014;COM06;1;42,56 €;10,0%;Commercial terrain;Annulée
V01143;2025-05-06;C0127;P040;COM06;6;149,65 €;0,0%;Partenaire;Livrée
V01144;2026-04-23;C0041;P039;COM04;11;133,43 €;5,0%;Commercial terrain;Livrée
V01145;2025-10-29;C0005;P003;COM02;4;567,22 €;8,0%;E-commerce;Livrée
V01146;2026-05-16;C0087;P030;COM09;6;150,01 €;0,0%;E-commerce;Livrée
V01147;2025-05-22;C0103;P035;COM08;11;135,33 €;8,0%;Téléphone;Livrée
V01148;2025-10-05;C0039;P030;COM05;10;155,01 €;3,0%;Téléphone;Livrée
V01149;2026-04-30;C0104;P026;COM01;7;308,43 €;0,0%;Commercial terrain;Livrée
V01150;2026-09-04;C0088;P040;COM09;7;157,58 €;3,0%;Téléphone;Livrée
V01151;2025-09-14;C0037;P039;COM02;4;135,99 €;0,0%;Commercial terrain;Annulée
V01152;2026-04-18;C0049;P030;COM10;2;139,90 €;5,0%;Commercial terrain;Annulée
V01153;2026-01-02;C0137;P030;COM02;8;145,36 €;5,0%;Partenaire;Livrée
V01154;2026-07-27;C0008;P006;COM08;3;505,16 €;3,0%;Téléphone;Annulée
V01155;2026-06-09;C0111;P037;COM09;10;208,16 €;0,0%;Partenaire;Livrée
V01156;2026-02-17;C0003;P036;COM04;8;132,29 €;0,0%;E-commerce;Livrée
V01157;2025-04-20;C0098;P020;COM05;10;48,60 €;3,0%;E-commerce;Livrée
V01158;2026-08-22;C0150;P015;COM07;9;37,74 €;10,0%;Partenaire;Livrée
V01159;2025-08-17;C0042;P021;COM02;12;326,44 €;0,0%;Partenaire;Annulée
V01160;2025-07-25;C0031;P001;COM01;3;417,79 €;0,0%;E-commerce;Livrée
V01161;2025-07-29;C0028;P002;COM08;9;758,46 €;0,0%;E-commerce;Livrée
V01162;2026-02-19;C0143;P017;COM07;9;44,23 €;8,0%;Partenaire;Annulée
V01163;2025-05-07;C0127;P002;COM05;3;727,99 €;10,0%;Téléphone;Livrée
V01164;2026-06-08;C0054;P033;COM10;5;218,09 €;0,0%;Partenaire;Livrée
V01165;2025-10-09;C0116;P007;COM10;8;364,89 €;5,0%;Téléphone;Livrée
V01166;2025-10-18;C0135;P040;COM05;7;144,01 €;3,0%;E-commerce;Annulée
V01167;2026-04-01;C0012;P010;COM10;8;431,66 €;5,0%;Commercial terrain;Livrée
V01168;2025-06-12;C0105;P024;COM09;12;304,03 €;8,0%;E-commerce;Livrée
V01169;2025-06-05;C0104;P032;COM02;12;146,85 €;0,0%;Commercial terrain;Livrée
V01170;2026-02-08;C0019;P026;COM04;8;316,96 €;0,0%;Commercial terrain;Livrée
V01171;2025-11-28;C0103;P005;COM08;1;356,61 €;10,0%;Téléphone;Livrée
V01172;2025-04-09;C0029;P033;COM04;6;232,02 €;15,0%;Téléphone;Livrée
V01173;2025-06-28;C0114;P005;COM10;1;385,84 €;0,0%;E-commerce;Livrée
V01174;2026-03-29;C0111;P013;COM09;6;52,36 €;5,0%;Partenaire;Livrée
V01175;2026-08-11;C0054;P018;COM09;8;71,62 €;3,0%;Téléphone;Livrée
V01176;2025-06-15;C0128;P006;COM01;10;466,35 €;10,0%;E-commerce;Livrée
V01177;2025-02-04;C0038;P025;COM03;7;283,02 €;15,0%;E-commerce;Livrée
V01178;2025-07-09;C0147;P015;COM07;10;41,31 €;8,0%;Commercial terrain;Livrée
V01179;2026-07-27;C0038;P031;COM03;7;182,81 €;15,0%;E-commerce;Annulée
V01180;2025-03-22;C9999;P007;COM08;2;368,87 €;0,0%;Commercial terrain;Livrée
V01181;2025-08-18;C0083;P026;COM10;12;306,73 €;15,0%;Téléphone;Livrée
V01182;2025-03-18;C0069;P027;COM10;10;183,39 €;10,0%;E-commerce;Annulée
V01183;2026-04-28;C0075;P003;COM01;6;577,89 €;0,0%;Commercial terrain;Livrée
V01184;2025-05-23;C0055;P004;COM10;4;663,14 €;15,0%;E-commerce;Livrée
V01185;2025-03-14;C0123;P039;COM09;8;147,88 €;3,0%;E-commerce;Livrée
V01186;2025-02-06;C0147;P024;COM07;7;302,13 €;15,0%;Téléphone;Livrée
V01187;2025-02-26;C0008;P037;COM07;10;207,70 €;10,0%;E-commerce;Annulée
V01188;2026-05-09;C0015;P026;COM06;12;297,13 €;10,0%;Partenaire;Annulée
V01189;2025-05-22;C0031;P009;COM02;10;592,63 €;3,0%;Commercial terrain;Livrée
V01190;2025-12-18;C0128;P017;COM01;4;43,21 €;0,0%;Téléphone;En cours
V01191;2026-07-04;C0013;P017;COM09;1;43,12 €;0,0%;Partenaire;Livrée
V01192;2025-10-17;C0013;P024;COM10;10;309,23 €;0,0%;Commercial terrain;Livrée
V01193;2026-09-13;C0117;P009;COM06;11;526,03 €;3,0%;Téléphone;En cours
V01194;2026-01-01;C0062;P021;COM06;6;317,98 €;3,0%;Téléphone;Annulée
V01195;2025-10-01;C0091;P004;COM05;6;698,78 €;10,0%;Partenaire;Livrée
V01196;2025-03-22;C0055;P036;COM09;4;123,36 €;8,0%;Téléphone;Livrée
V01197;2026-01-17;C0039;P017;COM05;12;45,31 €;15,0%;Partenaire;Livrée
V01198;2025-01-22;C0147;P019;COM07;5;74,37 €;3,0%;E-commerce;Livrée
V01199;2025-10-13;C0114;P002;COM10;7;752,49 €;0,0%;Téléphone;Livrée
V01200;2026-01-24;C0050;P037;COM06;1;202,47 €;0,0%;Commercial terrain;Livrée
V01201;2025-12-11;C0075;P002;COM01;6;786,89 €;8,0%;Partenaire;En cours
V01202;2025-02-28;C0029;P020;COM04;9;48,48 €;8,0%;Commercial terrain;Livrée
V01203;2026-01-26;C0137;P010;COM01;1;399,03 €;10,0%;Commercial terrain;Livrée
V01204;2025-09-13;C0084;P040;COM04;7;144,57 €;3,0%;Commercial terrain;Livrée
V01205;2025-09-14;C0005;P021;COM01;10;313,15 €;15,0%;Commercial terrain;Livrée
V01206;2026-03-31;C0136;P031;COM09;1;179,03 €;3,0%;Partenaire;Annulée
V01207;2025-08-12;C0121;P006;COM01;5;523,67 €;8,0%;Commercial terrain;Livrée
V01208;2026-03-28;C0049;P019;COM10;5;77,09 €;0,0%;Téléphone;Livrée
V01209;2025-05-31;C0014;P009;COM05;11;523,21 €;10,0%;Partenaire;Annulée
V01210;2025-11-21;C0012;P004;COM09;12;706,80 €;3,0%;E-commerce;Livrée
V01211;2026-07-08;C0013;P024;COM09;2;286,13 €;5,0%;E-commerce;Annulée
V01212;2025-03-21;C0068;P022;COM03;10;174,42 €;15,0%;Partenaire;Livrée
V01213;2026-03-13;C0080;P002;COM03;6;774,91 €;3,0%;Commercial terrain;En cours
V01214;2026-01-19;C0139;P002;COM06;3;750,84 €;3,0%;Téléphone;Annulée
V01215;2025-01-27;C0029;P022;COM03;9;182,48 €;10,0%;Commercial terrain;Livrée
V01216;2026-01-23;C0010;P026;COM01;11;295,20 €;0,0%;Téléphone;Annulée
V01217;2026-05-31;C0124;P036;COM03;1;128,41 €;10,0%;Partenaire;Livrée
V01218;2025-10-03;C0052;P017;COM10;6;44,13 €;15,0%;Commercial terrain;Livrée
V01219;2026-04-12;C0089;P017;COM07;8;47,08 €;5,0%;Commercial terrain;Livrée
V01220;2025-12-27;C0149;P025;COM01;11;279,90 €;0,0%;Partenaire;En cours
V01221;2025-08-24;C0035;P029;COM07;11;161,60 €;0,0%;Commercial terrain;Livrée
V01222;2025-12-16;C0089;P006;COM07;7;492,41 €;0,0%;Partenaire;Livrée
V01223;2025-07-04;C0134;P012;COM09;2;65,36 €;15,0%;Partenaire;Livrée
V01224;2025-05-10;C0010;P002;COM02;12;730,53 €;0,0%;Téléphone;Annulée
V01225;2026-06-27;C0115;P024;COM04;3;299,12 €;8,0%;Téléphone;Livrée
V01226;2025-05-02;C0099;P007;COM10;12;346,79 €;10,0%;Commercial terrain;En cours
V01227;2026-02-23;C0133;P020;COM04;8;50,00 €;10,0%;Téléphone;Annulée
V01228;2026-06-06;C0023;P001;COM09;10;417,21 €;10,0%;Partenaire;En cours
V01229;2025-11-25;C0129;P035;COM07;12;129,09 €;15,0%;E-commerce;Livrée
V01230;2025-11-01;C0146;P004;COM06;10;665,25 €;8,0%;Partenaire;Livrée
V01231;2025-11-27;C0114;P013;COM10;3;51,88 €;10,0%;Téléphone;En cours
V01232;2026-06-16;C0079;P007;COM08;6;358,45 €;0,0%;Commercial terrain;Livrée
V01233;2026-05-14;C0129;P012;COM07;5;69,90 €;3,0%;E-commerce;Livrée
V01234;2025-10-13;C0039;P015;COM05;9;41,37 €;15,0%;Téléphone;Livrée
V01235;2026-09-05;C0012;P001;COM09;8;430,23 €;0,0%;Commercial terrain;Livrée
V01236;2025-10-16;C0126;P036;COM10;3;132,15 €;3,0%;E-commerce;Livrée
V01237;2026-04-01;C0127;P018;COM06;2;75,69 €;3,0%;E-commerce;Livrée
V01238;2025-03-22;C0062;P022;COM05;3;177,59 €;3,0%;Partenaire;Annulée
V01239;2025-03-17;C0089;P030;COM07;2;155,29 €;15,0%;Commercial terrain;Livrée
V01240;2026-07-26;C0011;P017;COM03;3;46,19 €;15,0%;Téléphone;Livrée
V01241;2025-09-29;C0139;P034;COM05;3;166,62 €;3,0%;Téléphone;Livrée
V01242;2025-04-01;C0057;P030;COM05;2;146,72 €;8,0%;Téléphone;Livrée
V01243;2025-02-09;C0124;P026;COM04;11;316,05 €;10,0%;Commercial terrain;En cours
V01244;2026-06-28;C0049;P016;COM10;5;74,63 €;5,0%;Partenaire;Annulée
V01245;2026-01-01;C0143;P007;COM08;4;350,06 €;15,0%;Commercial terrain;En cours
V01246;2026-04-03;C0095;P030;COM09;2;140,62 €;3,0%;E-commerce;Livrée
V01247;2026-02-12;C0035;P034;COM08;10;159,76 €;0,0%;E-commerce;Livrée
V01248;2025-10-02;C0149;P029;COM01;1;161,13 €;3,0%;Commercial terrain;Livrée
V01249;2026-02-26;C0116;P030;COM10;7;142,26 €;0,0%;Commercial terrain;En cours
V01250;2025-08-13;C0099;P021;COM09;8;302,99 €;8,0%;Téléphone;Annulée
V01251;2025-07-31;C0030;P010;COM06;10;413,08 €;10,0%;E-commerce;En cours
V01252;2025-04-03;C0098;P039;COM06;2;142,51 €;8,0%;Téléphone;Livrée
V01253;2026-07-03;C0053;P037;COM05;7;207,68 €;0,0%;Commercial terrain;Livrée
V01254;2026-01-18;C0096;P015;COM08;9;40,82 €;0,0%;E-commerce;Livrée
V01255;2026-06-24;C0028;P034;COM08;1;154,32 €;3,0%;E-commerce;Livrée
V01256;2025-09-11;C0010;P009;COM02;7;568,56 €;0,0%;Commercial terrain;Livrée
V01257;2025-03-20;C0020;P002;COM08;1;788,59 €;8,0%;Téléphone;Livrée
V01258;2026-08-26;C0116;P021;COM09;6;303,61 €;10,0%;E-commerce;Livrée
V01259;2025-10-08;C0135;P007;COM05;5;391,78 €;8,0%;Partenaire;En cours
V01260;2025-10-26;C0126;P016;COM09;7;73,60 €;5,0%;Commercial terrain;Annulée
V01261;2026-06-03;C0070;P002;COM02;8;787,07 €;3,0%;E-commerce;En cours
V01262;2025-08-18;C0008;P016;COM08;8;71,75 €;8,0%;E-commerce;Livrée
V01263;2025-12-07;C0039;P007;COM05;9;352,83 €;15,0%;Partenaire;Annulée
V01264;2025-09-13;C0023;P027;COM09;10;203,47 €;8,0%;Téléphone;Livrée
V01265;2026-05-21;C0072;P021;COM10;12;300,08 €;0,0%;E-commerce;Livrée
V01266;2026-08-02;C0121;P019;COM01;12;70,69 €;8,0%;Partenaire;Annulée
V01267;2026-05-27;C0089;P022;COM07;8;182,32 €;8,0%;E-commerce;Livrée
V01268;2026-03-12;C0021;P010;COM02;1;392,60 €;10,0%;E-commerce;Livrée
V01269;2025-07-22;C0129;P003;COM07;7;583,58 €;10,0%;Partenaire;Livrée
V01270;2026-07-15;C0124;P001;COM04;5;391,34 €;3,0%;Commercial terrain;Annulée
V01271;2025-11-27;C0111;P011;COM09;5;40,54 €;0,0%;Commercial terrain;Annulée
V01272;2026-09-12;C0072;P032;COM10;4;148,29 €;10,0%;Téléphone;Livrée
V01273;2026-06-21;C0140;P022;COM05;7;169,92 €;5,0%;E-commerce;Livrée
V01274;2025-11-16;C0051;P007;COM07;9;366,92 €;0,0%;E-commerce;Annulée
V01275;2026-04-25;C0043;P024;COM07;11;305,39 €;0,0%;Commercial terrain;Livrée
V01276;2025-07-17;C0078;P030;COM06;10;151,35 €;3,0%;Partenaire;Livrée
V01277;2026-07-29;C0054;P011;COM09;2;41,64 €;3,0%;Téléphone;Livrée
V01278;2026-08-01;C0028;P036;COM07;10;129,04 €;5,0%;Commercial terrain;Annulée
V01279;2026-08-30;C0078;P015;COM06;3;37,00 €;0,0%;Téléphone;Livrée
V01280;2025-05-31;C0039;P033;COM05;1;219,09 €;0,0%;Téléphone;Annulée
V01281;2026-03-27;C0125;P022;COM04;5;177,44 €;0,0%;Téléphone;Annulée
V01282;2026-02-07;C0112;P033;COM02;6;218,75 €;8,0%;Commercial terrain;Annulée
V01283;2025-03-22;C0057;P019;COM05;12;70,05 €;5,0%;Partenaire;En cours
V01284;2025-09-14;C0033;P024;COM02;3;284,04 €;3,0%;Partenaire;Livrée
V01285;2026-03-11;C0057;P026;COM05;6;299,35 €;10,0%;E-commerce;Livrée
V01286;2026-03-29;C0106;P001;COM03;10;401,83 €;0,0%;Commercial terrain;Livrée
V01287;2026-05-30;C0005;P003;COM02;11;566,60 €;5,0%;Partenaire;Livrée
V01288;2025-09-17;C0078;P040;COM05;1;161,32 €;5,0%;Partenaire;En cours
V01289;2025-06-27;C0140;P003;COM05;6;547,64 €;10,0%;Téléphone;Livrée
V01290;2025-05-15;C0023;P009;COM10;1;552,98 €;10,0%;E-commerce;Livrée
V01291;2025-04-10;C0079;P002;COM07;6;798,14 €;15,0%;Commercial terrain;Livrée
V01292;2026-08-24;C0108;P027;COM05;7;203,47 €;10,0%;E-commerce;Livrée
V01293;2025-07-17;C0148;P019;COM07;2;70,33 €;0,0%;Commercial terrain;Annulée
V01294;2025-07-23;C0149;P013;COM02;11;57,02 €;15,0%;E-commerce;Livrée
V01295;2025-10-08;C0103;P023;COM07;8;211,33 €;10,0%;E-commerce;Annulée
V01296;2026-04-20;C0024;P006;COM03;3;512,67 €;0,0%;Commercial terrain;Annulée
V01297;2025-01-21;C0046;P015;COM09;11;38,94 €;0,0%;Téléphone;Livrée
V01298;2025-07-15;C0036;P004;COM08;7;681,74 €;0,0%;Commercial terrain;Livrée
V01299;2026-08-02;C0089;P016;COM08;4;70,82 €;0,0%;Téléphone;Livrée
V01300;2025-09-23;C0129;P006;COM08;8;488,08 €;3,0%;Commercial terrain;Annulée
V01301;2026-04-06;C0046;P026;COM09;3;314,16 €;0,0%;Partenaire;Livrée
V01302;2025-10-23;C0056;P035;COM02;9;133,16 €;15,0%;Commercial terrain;Livrée
V01303;2026-06-10;C0056;P015;COM02;8;38,35 €;0,0%;Téléphone;En cours
V01304;2025-05-24;C0137;P025;COM02;10;275,97 €;8,0%;E-commerce;Livrée
V01305;2025-04-18;C0105;P012;COM09;7;65,86 €;3,0%;E-commerce;Livrée
V01306;2026-01-02;C0087;P032;COM09;9;134,41 €;0,0%;Partenaire;Annulée
V01307;2026-04-13;C0128;P033;COM02;4;217,00 €;3,0%;Commercial terrain;En cours
V01308;2026-02-15;C0085;P016;COM03;9;69,23 €;5,0%;Commercial terrain;Annulée
V01309;2026-02-15;C0009;P035;COM01;3;134,72 €;8,0%;Téléphone;Annulée
V01310;2025-05-23;C0036;P004;COM08;2;647,00 €;15,0%;Téléphone;Livrée
V01311;2026-04-15;C0117;P032;COM05;1;143,15 €;0,0%;Téléphone;Livrée
V01312;2025-11-11;C0022;P017;COM03;4;45,29 €;10,0%;Téléphone;Livrée
V01313;2026-07-23;C0111;P033;COM09;3;219,73 €;5,0%;Partenaire;Livrée
V01314;2026-04-29;C0112;P017;COM02;2;45,00 €;3,0%;Téléphone;En cours
V01315;2025-12-01;C0080;P027;COM04;9;183,77 €;5,0%;E-commerce;Livrée
V01316;2025-07-02;C0068;P025;COM04;6;280,54 €;0,0%;Partenaire;Livrée
V01317;2025-08-24;C0038;P014;COM04;1;40,51 €;5,0%;E-commerce;Livrée
V01318;2026-01-29;C0049;P011;COM10;5;39,41 €;10,0%;Partenaire;Livrée
V01319;2025-09-25;C0124;P012;COM03;7;67,66 €;15,0%;E-commerce;En cours
V01320;2025-03-26;C0102;P027;COM07;1;186,07 €;0,0%;Partenaire;En cours
V01321;2025-01-12;C0144;P030;COM08;1;143,08 €;3,0%;E-commerce;Annulée
V01322;2026-04-07;C0148;P033;COM08;12;219,44 €;8,0%;Commercial terrain;Livrée
V01323;2025-07-03;C0125;P006;COM04;3;465,21 €;10,0%;Commercial terrain;Livrée
V01324;2026-06-12;C0134;P004;COM10;8;644,58 €;0,0%;Partenaire;En cours
V01325;2026-01-11;C0014;P018;COM06;7;70,67 €;3,0%;E-commerce;Annulée
V01326;2025-10-01;C0048;P024;COM10;7;283,73 €;3,0%;Commercial terrain;Livrée
V01327;2026-09-03;C0030;P003;COM06;9;602,34 €;0,0%;Téléphone;Livrée
V01328;2026-07-02;C0026;P011;COM05;11;40,38 €;3,0%;Commercial terrain;En cours
V01329;2025-09-07;C0135;P005;COM05;6;373,84 €;0,0%;E-commerce;En cours
V01330;2026-06-09;C0022;P021;COM04;7;302,62 €;0,0%;Commercial terrain;Livrée
V01331;2026-03-20;C0031;P040;COM01;5;164,00 €;8,0%;Téléphone;Livrée
V01332;2026-01-19;C0140;P030;COM05;5;151,69 €;15,0%;Téléphone;Livrée
V01333;2026-05-29;C0013;P013;COM10;11;53,65 €;0,0%;Partenaire;Livrée
V01334;2025-01-20;C0123;P019;COM09;5;73,15 €;15,0%;Commercial terrain;Livrée
V01335;2025-08-15;C0063;P022;COM01;4;167,21 €;3,0%;Partenaire;Annulée
V01336;2026-03-07;C0096;P033;COM08;9;209,89 €;3,0%;Commercial terrain;Livrée
V01337;2026-04-01;C0041;P034;COM04;4;162,33 €;0,0%;Partenaire;Livrée
V01338;2026-02-17;C0010;P034;COM01;9;171,98 €;0,0%;Téléphone;Annulée
V01339;2026-01-14;C0086;P022;COM02;8;181,51 €;0,0%;Téléphone;Annulée
V01340;2026-08-22;C0045;P040;COM02;7;152,23 €;15,0%;E-commerce;Livrée
V01341;2026-07-24;C0145;P026;COM05;9;297,40 €;8,0%;E-commerce;Livrée
V01342;2026-02-10;C0059;P009;COM03;10;541,66 €;15,0%;Téléphone;En cours
V01343;2026-07-18;C0121;P015;COM02;7;41,69 €;3,0%;Commercial terrain;Livrée
V01344;2025-04-19;C0091;P016;COM06;7;72,96 €;5,0%;Commercial terrain;En cours
V01345;2025-06-10;C0048;P020;COM10;1;48,93 €;3,0%;Partenaire;Livrée
V01346;2025-04-11;C0114;P029;COM10;7;153,25 €;0,0%;Téléphone;Livrée
V01347;2026-05-31;C0022;P002;COM04;6;775,20 €;0,0%;Partenaire;Livrée
V01348;2026-01-15;C0007;P039;COM10;9;146,35 €;15,0%;Téléphone;En cours
V01349;2026-01-13;C0069;P033;COM09;12;236,80 €;3,0%;Téléphone;Livrée
V01350;2025-03-08;C0009;P040;COM01;8;153,12 €;10,0%;Partenaire;Livrée
V01351;2025-07-01;C0136;P023;COM09;3;202,40 €;10,0%;E-commerce;Livrée
V01352;2025-02-03;C0121;P026;COM02;2;324,27 €;3,0%;E-commerce;Annulée
V01353;2026-07-01;C0008;P033;COM08;12;211,29 €;15,0%;Partenaire;Livrée
V01354;2026-01-08;C0119;P030;COM04;2;139,22 €;15,0%;Commercial terrain;Annulée
V01355;2025-04-25;C0046;P029;COM10;11;156,44 €;0,0%;Partenaire;Livrée
V01356;2025-09-28;C0026;P005;COM06;8;400,25 €;5,0%;Téléphone;Livrée
V01357;2025-12-17;C0084;P023;COM04;8;214,97 €;8,0%;Commercial terrain;Annulée
V01358;2025-02-06;C0038;P036;COM03;5;118,70 €;3,0%;Commercial terrain;Livrée
V01359;2025-11-11;C0043;P033;COM08;12;222,54 €;3,0%;Téléphone;Livrée
V01360;2025-05-31;C0083;P018;COM10;11;69,63 €;15,0%;Téléphone;Annulée
V01361;2025-11-07;C0040;P018;COM09;6;74,33 €;10,0%;Partenaire;En cours
V01362;2025-06-24;C0102;P035;COM07;6;128,00 €;5,0%;Partenaire;Livrée
V01363;2026-06-22;C0143;P033;COM07;7;209,94 €;0,0%;Commercial terrain;Livrée
V01364;2025-11-13;C0055;P011;COM09;5;40,99 €;10,0%;E-commerce;Livrée
V01365;2026-01-01;C0147;P040;COM08;11;162,20 €;15,0%;Téléphone;Livrée
V01366;2026-01-08;C0010;P007;COM02;6;369,29 €;3,0%;E-commerce;Livrée
V01367;2026-04-03;C0071;P018;COM07;12;69,20 €;10,0%;Téléphone;Livrée
V01368;2026-04-13;C0048;P019;COM09;9;71,35 €;10,0%;Téléphone;Livrée
V01369;2025-05-16;C0086;P015;COM01;4;38,26 €;15,0%;Partenaire;En cours
V01370;2025-04-11;C0015;P005;COM06;4;379,13 €;;E-commerce;En cours
V01371;2025-07-22;C0027;P034;COM01;5;163,12 €;8,0%;Partenaire;Livrée
V01372;2026-03-30;C0052;P001;COM10;5;425,99 €;8,0%;Commercial terrain;En cours
V01373;2025-06-30;C0096;P035;COM08;5;135,21 €;3,0%;Commercial terrain;Annulée
V01374;2025-09-12;C0101;P039;COM08;9;136,13 €;5,0%;E-commerce;Livrée
V01375;2026-05-15;C0003;P035;COM04;8;127,54 €;0,0%;E-commerce;En cours
V01376;2025-11-08;C0026;P023;COM06;11;214,62 €;15,0%;Téléphone;Livrée
V01377;2025-04-22;C0066;P021;COM01;9;298,76 €;15,0%;Partenaire;Livrée
V01378;2025-11-04;C0056;P022;COM01;3;170,21 €;5,0%;Téléphone;Livrée
V01379;2025-06-10;C0095;P029;COM10;12;154,95 €;3,0%;Partenaire;Livrée
V01380;2026-01-15;C0040;P023;COM10;12;205,41 €;10,0%;Commercial terrain;En cours
V01381;2025-11-12;C0125;P029;COM04;1;165,35 €;5,0%;E-commerce;En cours
V01382;2025-12-29;C0038;P019;COM04;1;76,60 €;0,0%;Téléphone;Livrée
V01383;2025-10-29;C0111;P022;COM09;7;184,24 €;3,0%;Téléphone;Livrée
V01384;2026-05-31;C0129;P007;COM08;2;356,42 €;3,0%;Partenaire;Annulée
V01385;2026-04-27;C0013;P034;COM10;4;156,95 €;8,0%;Partenaire;Livrée
V01386;2025-04-14;C0016;P019;COM06;9;72,24 €;3,0%;E-commerce;En cours
V01387;2025-05-18;C0020;P029;COM08;3;167,70 €;8,0%;Commercial terrain;Annulée
V01388;2025-07-24;C0024;P017;COM04;6;46,11 €;15,0%;Commercial terrain;Annulée
V01389;2026-06-28;C0083;P010;COM09;2;431,03 €;10,0%;Commercial terrain;Livrée
V01390;2026-04-02;C0057;P022;COM05;8;171,05 €;3,0%;Commercial terrain;Livrée
V01391;2025-09-23;C0073;P010;COM07;2;418,64 €;5,0%;Partenaire;En cours
V01392;2025-02-19;C0017;P002;COM10;10;757,79 €;0,0%;Commercial terrain;Annulée
V01393;2026-05-19;C0080;P005;COM04;12;358,92 €;0,0%;E-commerce;Annulée
V01394;2025-06-12;C0024;P014;COM04;2;43,60 €;5,0%;Commercial terrain;En cours
V01395;2026-04-08;C0041;P005;COM04;3;387,64 €;3,0%;Partenaire;Annulée
V01396;2026-03-19;C0007;P040;COM10;5;143,92 €;15,0%;Partenaire;Livrée
V01397;2025-01-09;C0063;P030;COM02;3;142,23 €;0,0%;Commercial terrain;Annulée
V01398;2026-04-14;C0054;P040;COM10;3;147,62 €;0,0%;Téléphone;Livrée
V01399;2025-07-05;C0027;P037;COM01;10;209,90 €;0,0%;Téléphone;Annulée
V01400;2025-12-23;C0019;P022;COM04;4;181,13 €;0,0%;Commercial terrain;Livrée
V01401;2026-03-11;C0077;P015;COM03;6;37,13 €;5,0%;E-commerce;En cours
V01402;2025-01-27;C0130;P026;COM07;1;310,40 €;5,0%;Téléphone;Livrée
V01403;2026-01-25;C0034;P013;COM03;9;58,23 €;10,0%;E-commerce;Livrée
V01404;2025-08-03;C0033;P024;COM02;12;322,84 €;5,0%;Téléphone;Livrée
V01405;2025-04-03;C0149;P033;COM02;5;224,58 €;5,0%;E-commerce;Livrée
V01406;2026-01-25;C0124;P007;COM04;6;362,13 €;3,0%;E-commerce;En cours
V01407;2025-11-04;C0065;P026;COM05;8;292,62 €;3,0%;Commercial terrain;Livrée
V01408;2025-05-25;C0071;P040;COM07;1;146,39 €;0,0%;Téléphone;En cours
V01409;2025-02-09;C0017;P020;COM09;6;49,47 €;15,0%;Téléphone;En cours
V01410;2025-06-26;C0047;P013;COM01;6;57,98 €;0,0%;Téléphone;Livrée
V01411;2026-05-25;C0055;P027;COM10;11;191,52 €;15,0%;Commercial terrain;Annulée
V01412;2025-11-25;C0009;P023;COM01;1;220,20 €;0,0%;Téléphone;En cours
V01413;2025-02-17;C0112;P012;COM01;2;61,84 €;0,0%;E-commerce;En cours
V01414;2025-03-09;C0030;P032;COM06;7;146,81 €;8,0%;Partenaire;Livrée
V01415;2026-09-10;C0001;P033;COM02;8;236,15 €;3,0%;Téléphone;Livrée
V01416;2026-07-07;C0108;P033;COM05;8;231,69 €;15,0%;Téléphone;Livrée
V01417;2025-08-13;C0036;P016;COM07;11;68,98 €;0,0%;Partenaire;Livrée
V01418;2025-04-18;C0071;P018;COM07;3;74,41 €;3,0%;Commercial terrain;En cours
V01419;2026-08-28;C0076;P022;COM05;7;174,50 €;0,0%;E-commerce;En cours
V01420;2025-02-19;C0053;P001;COM05;3;419,47 €;15,0%;Téléphone;Livrée
V01421;2026-02-11;C0092;P040;COM03;8;153,62 €;3,0%;Téléphone;Annulée
V01422;2026-02-20;C0133;P032;COM03;10;135,83 €;5,0%;E-commerce;Livrée
V01423;2026-06-11;C0099;P013;COM10;5;54,06 €;15,0%;Partenaire;Annulée
V01424;2026-04-13;C0026;P036;COM06;5;119,32 €;3,0%;Partenaire;Livrée
V01425;2026-07-11;C0035;P016;COM07;8;76,19 €;0,0%;Commercial terrain;Livrée
V01426;2025-12-22;C0087;P030;COM10;9;156,29 €;0,0%;Téléphone;En cours
V01427;2026-06-08;C0052;P016;COM09;1;70,10 €;10,0%;Commercial terrain;Annulée
V01428;2026-09-08;C0041;P037;COM03;6;199,30 €;10,0%;Téléphone;Livrée
V01429;2025-06-12;C0027;P016;COM01;12;69,66 €;8,0%;Partenaire;Livrée
V01430;2025-10-13;C0014;P020;COM06;7;51,30 €;5,0%;Partenaire;En cours
V01431;2025-11-26;C0037;P001;COM02;2;398,62 €;8,0%;Commercial terrain;Livrée
V01432;2026-09-01;C0019;P029;COM03;3;152,30 €;15,0%;Téléphone;Livrée
V01433;2026-02-05;C0043;P027;COM08;10;186,90 €;15,0%;Commercial terrain;Livrée
V01434;2025-08-20;C0078;P027;COM05;2;200,59 €;8,0%;Téléphone;Livrée
V01435;2026-03-31;C0039;P022;COM06;1;180,63 €;8,0%;Commercial terrain;Annulée
V01436;2025-04-16;C0139;P031;COM05;5;187,48 €;8,0%;Partenaire;Livrée
V01437;2025-03-14;C0101;P003;COM08;7;610,00 €;3,0%;E-commerce;En cours
V01438;2026-03-13;C0046;P020;COM10;4;48,86 €;0,0%;Commercial terrain;Livrée
V01439;2026-05-22;C0127;P004;COM06;11;629,12 €;15,0%;Commercial terrain;Livrée
V01440;2025-09-15;C0150;P029;COM08;11;166,91 €;3,0%;E-commerce;Livrée
V01441;2025-04-14;C0144;P034;COM07;4;163,58 €;10,0%;Commercial terrain;Livrée
V01442;2026-05-15;C0112;P003;COM02;10;553,72 €;15,0%;E-commerce;Annulée
V01443;2025-04-08;C0033;P025;COM01;10;286,88 €;8,0%;Partenaire;En cours
V01444;2025-02-10;C0102;P032;COM08;10;146,94 €;0,0%;Partenaire;En cours
V01445;2025-01-27;C0059;P002;COM03;11;809,10 €;0,0%;Commercial terrain;En cours
V01446;2025-01-30;C0134;P024;COM10;11;296,79 €;0,0%;Commercial terrain;En cours
V01447;2025-02-18;C0095;P018;COM10;3;69,45 €;15,0%;Commercial terrain;En cours
V01448;2025-12-23;C0047;P006;COM02;6;487,86 €;8,0%;Téléphone;Livrée
V01449;2025-11-10;C0027;P027;COM01;6;197,91 €;10,0%;Téléphone;En cours
V01450;2025-07-27;C0075;P024;COM02;6;315,26 €;3,0%;Téléphone;Livrée
V01451;2025-11-27;C0006;P014;COM05;10;41,07 €;8,0%;Commercial terrain;Annulée
V01452;2026-07-06;C0048;P005;COM10;4;359,81 €;10,0%;Partenaire;Livrée
V01453;2025-05-30;C0101;P027;COM08;3;205,61 €;0,0%;Commercial terrain;Annulée
V01454;2026-08-07;C0023;P016;COM10;8;76,15 €;0,0%;Téléphone;Livrée
V01455;2025-01-27;C0146;P016;COM05;4;76,62 €;5,0%;Téléphone;Livrée
V01456;2025-01-13;C0084;P002;COM03;10;762,44 €;5,0%;Partenaire;Annulée
V01457;2026-07-19;C0052;P013;COM10;9;55,81 €;10,0%;Partenaire;Livrée
V01458;2026-01-08;C0075;P025;COM02;6;295,30 €;0,0%;Commercial terrain;Annulée
V01459;2026-01-01;C0021;P022;COM01;12;171,50 €;8,0%;Téléphone;Livrée
V01460;2026-06-04;C0140;P007;COM06;10;355,68 €;3,0%;Téléphone;En cours
V01461;2025-10-03;C0015;P031;COM06;8;181,99 €;0,0%;Téléphone;Livrée
V01462;2026-07-28;C0132;P024;COM01;8;317,73 €;0,0%;E-commerce;Livrée
V01463;2025-03-08;C0078;P002;COM06;12;773,98 €;5,0%;Téléphone;En cours
V01464;2025-08-09;C0133;P037;COM04;12;202,84 €;3,0%;Téléphone;Annulée
V01465;2026-06-05;C0121;P037;COM01;11;200,54 €;15,0%;E-commerce;Annulée
V01466;2025-02-24;C0105;P005;COM09;10;358,32 €;5,0%;Téléphone;Livrée
V01467;2025-09-12;C0048;P002;COM09;11;807,37 €;10,0%;E-commerce;Livrée
V01468;2025-04-02;C0026;P040;COM06;12;163,07 €;5,0%;Partenaire;En cours
V01469;2026-05-01;C0038;P013;COM04;2;53,84 €;0,0%;Partenaire;Livrée
V01470;2026-05-27;C0025;P018;COM09;7;69,37 €;3,0%;E-commerce;Livrée
V01471;2026-04-08;C0026;P002;COM06;10;719,84 €;8,0%;E-commerce;Livrée
V01472;2025-04-08;C0046;P036;COM09;1;118,34 €;5,0%;Commercial terrain;Livrée
V01473;2026-08-05;C0111;P013;COM09;4;56,21 €;5,0%;Téléphone;Annulée
V01474;2025-08-12;C0102;P011;COM07;10;39,74 €;0,0%;Partenaire;Livrée
V01475;2026-06-04;C0041;P002;COM04;10;717,61 €;8,0%;E-commerce;Livrée
V01476;2025-10-26;C0029;P013;COM04;10;55,35 €;0,0%;Partenaire;Livrée
V01477;2026-09-10;C0042;P032;COM02;11;141,10 €;5,0%;Partenaire;Livrée
V01478;2026-07-22;C0018;P017;COM04;6;43,51 €;15,0%;Partenaire;Livrée
V01479;2026-02-18;C0012;P004;COM10;8;690,94 €;10,0%;E-commerce;Annulée
V01480;2025-04-04;C0092;P037;COM04;11;190,44 €;3,0%;Téléphone;En cours
V01481;2025-07-22;C0083;P027;COM10;7;191,62 €;5,0%;E-commerce;En cours
V01482;2025-04-17;C0092;P026;COM04;5;312,49 €;15,0%;Commercial terrain;Livrée
V01483;2026-06-25;C0012;P006;COM09;5;523,34 €;10,0%;Téléphone;Livrée
V01484;2025-02-19;C0009;P021;COM01;7;294,02 €;8,0%;E-commerce;En cours
V01485;2026-06-05;C0048;P003;COM10;4;553,02 €;0,0%;Téléphone;Livrée
V01486;2025-03-16;C0055;P015;COM10;10;40,33 €;0,0%;E-commerce;En cours
V01487;2025-07-30;C0031;P001;COM02;4;420,82 €;15,0%;Commercial terrain;Livrée
V01488;2026-02-04;C0065;P027;COM06;1;185,94 €;8,0%;Téléphone;Annulée
V01489;2025-09-22;C0125;P015;COM04;11;40,83 €;3,0%;Partenaire;Livrée
V01490;2026-03-02;C0122;P019;COM06;4;76,58 €;5,0%;Commercial terrain;Annulée
V01491;2025-01-11;C0117;P031;COM05;3;183,70 €;0,0%;E-commerce;Livrée
V01492;2025-04-29;C0043;P005;COM08;3;382,07 €;0,0%;Commercial terrain;En cours
V01493;2025-10-19;C0082;P040;COM04;5;145,99 €;0,0%;Partenaire;Livrée
V01494;2025-03-30;C0147;P010;COM07;9;437,80 €;;Partenaire;Livrée
V01495;2025-04-25;C0065;P026;COM05;3;295,41 €;10,0%;E-commerce;Livrée
V01496;2026-03-23;C0109;P011;COM04;8;40,93 €;0,0%;Téléphone;Livrée
V01497;2025-11-22;C0013;P011;;6;42,33 €;3,0%;Téléphone;Livrée
V01498;2026-04-19;C0054;P027;COM09;7;185,87 €;3,0%;E-commerce;Livrée
V01499;2025-07-08;C0052;P031;COM10;1;188,64 €;0,0%;Téléphone;Annulée
V01500;2026-06-26;C0082;P011;COM03;9;42,89 €;0,0%;E-commerce;Livrée
V01501;2026-02-24;C0006;P022;COM05;6;166,62 €;0,0%;Téléphone;Livrée
V01502;2026-01-26;C0001;P026;COM01;10;296,90 €;0,0%;E-commerce;Annulée
V01503;2026-07-13;C0020;P033;COM07;10;228,61 €;3,0%;Partenaire;En cours
V01504;2025-09-01;C0145;P024;COM06;11;301,23 €;0,0%;Partenaire;Annulée
V01505;2026-01-04;C0063;P020;COM01;11;50,20 €;5,0%;Commercial terrain;Livrée
V01506;2026-01-12;C0007;P021;COM10;3;288,13 €;5,0%;Téléphone;En cours
V01507;2025-05-09;C0104;P027;COM01;7;204,65 €;5,0%;Partenaire;En cours
V01508;2026-02-02;C0136;P023;COM10;6;214,02 €;0,0%;Téléphone;Livrée
V01509;2025-08-11;C0051;P025;COM07;8;282,27 €;15,0%;Partenaire;Livrée
V01510;2025-11-11;C0057;P011;COM06;8;38,33 €;10,0%;Partenaire;Livrée
V01511;2026-02-27;C0015;P015;COM05;6;39,87 €;0,0%;Partenaire;Annulée
V01512;2026-03-19;C0049;P002;COM10;12;734,52 €;8,0%;Téléphone;Livrée
V01513;2026-07-31;C0042;P040;COM02;4;146,85 €;3,0%;Partenaire;Livrée
V01514;2025-05-14;C0144;P036;COM08;12;128,76 €;0,0%;E-commerce;Livrée
V01515;2025-03-29;C0007;P004;COM09;6;694,59 €;3,0%;Commercial terrain;Livrée
V01516;2025-06-04;C0057;P005;COM06;6;386,40 €;3,0%;Partenaire;En cours
V01517;2025-12-13;C0047;P021;COM02;2;318,88 €;0,0%;Téléphone;Livrée
V01518;2026-03-02;C0033;P012;COM02;9;66,53 €;5,0%;Commercial terrain;Livrée
V01519;2025-04-27;C0040;P007;COM10;1;351,19 €;5,0%;Partenaire;En cours
V01520;2026-05-04;C0046;P025;COM09;8;283,63 €;0,0%;Partenaire;Livrée
V01521;2026-05-19;C0102;P006;COM08;6;469,28 €;0,0%;Commercial terrain;En cours
V01522;2025-06-03;C0030;P022;COM05;5;182,38 €;15,0%;E-commerce;Livrée
V01523;2026-09-10;C0146;P029;COM05;3;156,97 €;3,0%;Téléphone;Annulée
V01524;2025-10-14;C0008;P022;COM08;3;166,94 €;0,0%;Commercial terrain;Livrée
V01525;2026-04-05;C0127;P003;COM06;5;603,21 €;15,0%;Partenaire;Livrée
V01526;2025-12-07;C0010;P001;COM01;12;416,15 €;3,0%;Partenaire;Livrée
V01527;2026-04-27;C0113;P003;COM08;12;597,20 €;10,0%;Partenaire;Livrée
V01528;2026-01-11;C0125;P023;COM04;3;221,69 €;10,0%;Commercial terrain;Annulée
V01529;2025-07-17;C0145;P019;COM06;2;77,52 €;10,0%;E-commerce;Livrée
V01530;2026-06-06;C0031;P010;COM01;2;396,98 €;0,0%;Commercial terrain;Livrée
V01531;2025-06-07;C0068;P005;COM03;1;391,42 €;10,0%;Commercial terrain;Annulée
V01532;2025-03-14;C0042;P023;COM02;11;198,55 €;0,0%;E-commerce;Livrée
V01533;2025-07-24;C0022;P006;COM03;12;527,24 €;0,0%;Partenaire;Livrée
V01534;2025-08-04;C0014;P026;COM05;6;317,77 €;0,0%;Partenaire;Livrée
V01535;2026-05-23;C0050;P020;COM06;12;49,85 €;15,0%;E-commerce;En cours
V01536;2025-07-09;C0149;P006;COM01;3;528,73 €;3,0%;Téléphone;Annulée
V01537;2026-08-13;C0051;P005;COM07;4;364,52 €;3,0%;Téléphone;Livrée
V01538;2026-02-09;C0084;P035;COM04;11;123,99 €;5,0%;Commercial terrain;Livrée
V01539;2025-09-04;C0003;P020;COM04;3;45,92 €;0,0%;Partenaire;Livrée
V01540;2025-03-03;C0127;P031;COM05;1;191,16 €;10,0%;E-commerce;Livrée
V01541;2026-08-26;C0106;P040;COM03;5;158,56 €;3,0%;Partenaire;Livrée
V01542;2026-05-07;C0109;P021;COM04;8;299,09 €;10,0%;Téléphone;Livrée
V01543;2026-08-25;C0046;P024;COM09;7;301,62 €;5,0%;Commercial terrain;En cours
V01544;2026-04-20;C0136;P011;COM10;3;41,68 €;5,0%;Partenaire;Livrée
V01545;2025-05-23;C0091;P011;COM06;7;39,70 €;5,0%;Téléphone;Livrée
V01546;2026-08-31;C0050;P007;COM05;1;363,64 €;0,0%;Commercial terrain;Livrée
V01547;2025-07-22;C0007;P027;COM10;3;189,73 €;15,0%;Commercial terrain;Livrée
V01548;2025-07-14;C0144;P030;COM08;7;155,58 €;0,0%;Partenaire;Livrée
V01549;2025-12-28;C0029;P022;COM03;12;176,88 €;3,0%;Téléphone;Livrée
V01550;2026-06-16;C0146;P029;COM05;8;149,54 €;3,0%;Téléphone;Livrée
V01551;2025-11-15;C0126;P010;COM09;9;399,09 €;10,0%;Commercial terrain;Livrée
V01552;2026-01-14;C0140;P002;COM05;8;751,01 €;0,0%;Téléphone;Livrée
V01553;2025-08-28;C0089;P019;COM08;9;71,97 €;15,0%;Commercial terrain;Livrée
V01554;2025-05-11;C0092;P017;COM03;4;45,61 €;5,0%;E-commerce;Livrée
V01555;2026-06-08;C0026;P011;COM06;10;39,46 €;8,0%;Partenaire;En cours
V01556;2026-09-10;C0076;P031;COM05;7;186,42 €;15,0%;Commercial terrain;Livrée
V01557;2026-01-08;C0017;P017;COM10;4;46,48 €;3,0%;Commercial terrain;Annulée
V01558;2026-05-10;C0040;P022;COM10;8;188,79 €;8,0%;Téléphone;Livrée
V01559;2026-09-04;C0033;P004;COM02;12;697,41 €;8,0%;Commercial terrain;Livrée
V01560;2026-01-21;C0125;P021;COM03;5;294,67 €;3,0%;E-commerce;Livrée
V01561;2026-03-08;C0022;P032;COM04;3;139,23 €;5,0%;Téléphone;Annulée
V01562;2026-03-31;C0089;P019;COM07;8;71,34 €;10,0%;Partenaire;Livrée
V01563;2025-06-16;C0035;P002;COM08;2;718,99 €;3,0%;Partenaire;Livrée
V01564;2025-05-26;C0089;P039;COM08;1;142,03 €;10,0%;Commercial terrain;En cours
V01565;2025-07-02;C0095;P020;COM09;6;49,14 €;8,0%;E-commerce;Annulée
V01566;2025-02-27;C0036;P005;COM08;2;362,15 €;0,0%;Téléphone;Livrée
V01567;2025-04-05;C0106;P023;COM04;2;207,04 €;15,0%;E-commerce;En cours
V01568;2026-02-15;C0017;P027;COM10;12;185,91 €;15,0%;E-commerce;Livrée
V01569;2026-04-05;C0043;P018;COM07;4;69,73 €;10,0%;E-commerce;Livrée
V01570;2025-08-19;C0142;P003;COM05;4;603,87 €;0,0%;Téléphone;Annulée
V01571;2025-11-24;C0092;P027;COM04;1;195,05 €;3,0%;Partenaire;Livrée
V01572;2026-03-01;C0019;P014;COM03;10;39,54 €;0,0%;Partenaire;Livrée
V01573;2025-12-24;C0022;P035;COM04;3;125,88 €;0,0%;E-commerce;Annulée
V01574;2025-10-16;C0076;P035;COM06;7;121,88 €;0,0%;Commercial terrain;Livrée
V01575;2025-07-20;C0095;P027;COM10;2;198,65 €;5,0%;E-commerce;En cours
V01576;2026-09-10;C0120;P013;COM03;2;51,88 €;15,0%;E-commerce;Livrée
V01577;2025-07-24;C0085;P021;COM03;6;305,17 €;10,0%;Téléphone;Annulée
V01578;2025-09-16;C0059;P021;COM03;1;295,16 €;0,0%;Commercial terrain;Livrée
V01579;2026-05-27;C0115;P032;COM04;7;142,10 €;0,0%;Partenaire;En cours
V01580;2026-07-29;C0082;P005;COM03;10;360,51 €;0,0%;E-commerce;Annulée
V01581;2025-02-21;C0004;P001;COM10;5;409,16 €;10,0%;Téléphone;Livrée
V01582;2025-02-24;C0109;P014;;7;43,46 €;3,0%;E-commerce;Livrée
V01583;2026-03-04;C0007;P003;COM10;2;568,69 €;3,0%;Partenaire;Livrée
V01584;2025-05-04;C0009;P013;COM02;1;52,40 €;10,0%;Téléphone;En cours
V01585;2026-08-17;C0077;P002;COM04;12;770,50 €;0,0%;Téléphone;Livrée
V01586;2025-03-08;C0117;P002;COM06;1;763,86 €;15,0%;Partenaire;En cours
V01587;2025-06-29;C0005;P005;COM01;5;390,75 €;10,0%;Partenaire;Livrée
V01588;2025-10-01;C0008;P014;COM08;4;43,17 €;15,0%;E-commerce;Livrée
V01589;2026-07-31;C0128;P016;COM02;12;76,37 €;0,0%;Commercial terrain;Livrée
V01590;2025-04-01;C0109;P033;COM04;9;214,37 €;10,0%;Commercial terrain;Annulée
V01591;2026-07-08;C0040;P024;COM10;7;289,99 €;5,0%;Commercial terrain;En cours
V01592;2025-12-22;C0083;P034;COM09;11;162,54 €;3,0%;Partenaire;Livrée
V01593;2026-09-09;C0072;P023;COM09;6;213,47 €;5,0%;Téléphone;Livrée
V01594;2025-12-18;C0149;P023;COM01;9;213,12 €;10,0%;Téléphone;Annulée
V01595;2025-05-23;C0055;P006;COM10;7;522,60 €;8,0%;E-commerce;Annulée
V01596;2025-04-17;C0003;P039;COM04;11;147,81 €;10,0%;Téléphone;Livrée
V01597;2026-05-16;C0031;P025;COM02;9;296,66 €;8,0%;Partenaire;Livrée
V01598;2026-08-14;C0103;P007;COM08;4;375,77 €;5,0%;Téléphone;Livrée
V01599;2025-01-01;C0149;P034;COM01;3;170,51 €;10,0%;Commercial terrain;Livrée
V01600;2026-02-20;C0086;P037;COM01;11;187,71 €;15,0%;Téléphone;Livrée
V01601;2025-01-17;C0009;P009;COM02;4;534,04 €;15,0%;E-commerce;Livrée
V01602;2025-09-17;C0133;P030;COM03;6;150,04 €;0,0%;Commercial terrain;Livrée
V01603;2026-02-02;C0111;P021;COM09;7;311,47 €;5,0%;E-commerce;En cours
V01604;2025-02-02;C0147;P024;COM08;1;293,26 €;5,0%;Partenaire;Annulée
V01605;2025-04-11;C0125;P034;COM04;1;159,08 €;5,0%;E-commerce;En cours
V01606;2025-09-16;C0025;P017;COM09;12;47,67 €;10,0%;E-commerce;En cours
V01607;2026-01-24;C0099;P033;COM09;1;219,08 €;8,0%;Partenaire;Livrée
V01608;2026-02-25;C0026;P010;COM05;10;430,59 €;15,0%;E-commerce;Annulée
V01609;2026-04-01;C0019;P032;COM03;5;143,86 €;5,0%;E-commerce;Livrée
V01610;2026-08-23;C0033;P013;COM02;8;53,71 €;0,0%;E-commerce;Livrée
V01611;2026-09-08;C0096;P009;COM08;11;531,76 €;15,0%;E-commerce;Livrée
V01612;2026-05-09;C0144;P001;COM07;7;427,14 €;15,0%;Téléphone;En cours
V01613;2025-02-14;C0086;P016;COM01;6;76,53 €;8,0%;Partenaire;Livrée
V01614;2026-04-01;C0031;P012;COM01;3;62,86 €;8,0%;E-commerce;En cours
V01615;2026-05-24;C0108;P002;COM06;12;766,66 €;10,0%;Commercial terrain;Annulée
V01616;2025-04-19;C0124;P003;COM04;5;579,04 €;10,0%;Partenaire;Livrée
V01617;2025-03-08;C0024;P024;COM04;8;299,08 €;0,0%;Téléphone;Livrée
V01618;2025-01-25;C0044;P040;COM03;3;157,29 €;5,0%;Commercial terrain;Annulée
V01619;2025-09-27;C0142;P013;COM05;10;54,59 €;8,0%;E-commerce;Livrée
V01620;2025-07-27;C0040;P010;COM10;12;421,85 €;0,0%;Commercial terrain;Livrée
V01621;2026-06-07;C0005;P036;COM01;11;122,71 €;8,0%;E-commerce;Livrée
V01622;2025-05-21;C0091;P033;COM05;4;215,11 €;5,0%;Partenaire;En cours
V01623;2025-08-08;C0027;P026;COM01;9;318,09 €;8,0%;e-commerce;Livrée
V01624;2025-05-11;C0150;P005;COM07;8;380,89 €;0,0%;Téléphone;Livrée
V01625;2026-02-28;C0106;P018;COM03;7;68,02 €;5,0%;E-commerce;Livrée
V01626;2026-02-09;C0009;P025;COM01;7;278,63 €;15,0%;Téléphone;Livrée
V01627;2026-05-06;C0150;P012;COM08;4;66,94 €;3,0%;Partenaire;Livrée
V01628;2026-03-20;C0009;P005;COM02;9;359,39 €;15,0%;Téléphone;Livrée
V01629;2026-01-14;C0079;P019;COM08;8;74,97 €;3,0%;Commercial terrain;Annulée
V01630;2026-09-12;C0095;P033;COM10;9;223,96 €;15,0%;Téléphone;En cours
V01631;2025-12-12;C0025;P023;COM10;9;209,92 €;10,0%;E-commerce;Livrée
V01632;2025-10-02;C0077;P035;COM04;4;124,46 €;3,0%;Téléphone;Annulée
V01633;2025-07-15;C0103;P014;COM08;6;42,22 €;5,0%;Commercial terrain;Livrée
V01634;2026-09-05;C0125;P010;COM03;12;399,81 €;10,0%;Commercial terrain;Annulée
V01635;2026-07-21;C0092;P032;COM03;10;140,59 €;0,0%;Commercial terrain;Livrée
V01636;2025-07-30;C0099;P034;COM09;6;156,21 €;5,0%;Commercial terrain;Annulée
V01637;2026-04-16;C0101;P018;COM07;10;68,14 €;0,0%;Partenaire;Annulée
V01638;2026-02-07;C0001;P014;COM01;5;44,50 €;5,0%;Commercial terrain;Annulée
V01639;2026-08-05;C0124;P019;COM03;1;78,18 €;10,0%;Partenaire;Annulée
V01640;2025-04-21;C0140;P026;COM06;6;296,89 €;0,0%;E-commerce;Livrée
V01641;2025-02-25;C0012;P019;COM09;2;73,98 €;3,0%;Téléphone;Livrée
V01642;2026-03-10;C0055;P040;COM09;1;143,99 €;3,0%;Commercial terrain;Livrée
V01643;2026-03-17;C0069;P016;COM09;10;74,01 €;15,0%;Commercial terrain;Annulée
V01644;2025-12-29;C0068;P002;COM03;9;772,61 €;15,0%;Téléphone;Livrée
V01645;2026-01-28;C0055;P012;COM09;2;66,70 €;8,0%;Commercial terrain;En cours
V01646;2025-05-08;C0026;P029;COM05;4;154,37 €;8,0%;Téléphone;Livrée
V01647;2025-08-14;C0079;P001;COM07;4;421,45 €;5,0%;Partenaire;En cours
V01648;2025-08-07;C0066;P006;COM01;7;511,54 €;5,0%;Téléphone;En cours
V01649;2026-01-25;C0007;P015;COM10;11;39,55 €;15,0%;Commercial terrain;Livrée
V01650;2025-01-22;C0147;P031;COM08;10;172,84 €;0,0%;E-commerce;Annulée
V01651;2026-01-22;C0046;P015;COM10;4;38,63 €;5,0%;Commercial terrain;Livrée
V01652;2025-10-25;C0066;P033;COM02;1;229,85 €;8,0%;Téléphone;Livrée
V01653;2026-04-09;C0007;P040;COM10;6;151,09 €;0,0%;Partenaire;En cours
V01654;2026-04-02;C0125;P030;COM03;5;143,96 €;3,0%;Commercial terrain;Livrée
V01655;2026-05-06;C0043;P016;COM07;10;74,41 €;8,0%;Téléphone;Livrée
V01656;2026-01-26;C0108;P016;COM05;2;75,00 €;0,0%;E-commerce;Annulée
V01657;2026-07-21;C0014;P006;COM06;9;525,96 €;5,0%;Téléphone;Livrée
V01658;2025-05-26;C0128;P013;COM02;4;54,56 €;0,0%;E-commerce;Livrée
V01659;2025-04-05;C0015;P020;COM05;9;48,53 €;5,0%;Téléphone;Livrée
V01660;2025-01-18;C0053;P005;COM05;2;368,63 €;15,0%;Téléphone;Annulée
V01661;2025-05-08;C0136;P013;COM10;3;55,46 €;0,0%;Téléphone;Livrée
V01662;2025-11-30;C0046;P035;COM10;1;127,62 €;0,0%;Partenaire;Livrée
V01663;2025-06-21;C0014;P011;COM06;3;39,04 €;8,0%;Commercial terrain;Annulée
V01664;2025-10-13;C0136;P032;COM09;3;144,10 €;10,0%;Téléphone;Livrée
V01665;2026-09-13;C0012;P026;COM09;3;291,99 €;5,0%;Partenaire;En cours
V01666;2026-07-18;C0120;P036;COM04;6;131,41 €;8,0%;Partenaire;Livrée
V01667;2026-06-21;C0121;P035;COM01;8;121,31 €;0,0%;Téléphone;Livrée
V01668;2026-09-07;C0109;P009;COM04;10;586,86 €;5,0%;Partenaire;Livrée
V01669;2026-01-18;C0008;P999;COM08;4;166,98 €;0,0%;Partenaire;Livrée
V01670;2026-04-06;C0038;P027;COM04;4;185,59 €;0,0%;Partenaire;Livrée
V01671;2026-05-14;C0119;P032;COM04;6;147,29 €;5,0%;Téléphone;En cours
V01672;2025-02-22;C0070;P007;COM01;5;362,80 €;3,0%;Partenaire;En cours
V01673;2026-03-20;C0021;P024;COM02;9;305,09 €;0,0%;Partenaire;Livrée
V01674;2025-12-27;C0096;P021;COM07;9;293,12 €;0,0%;Téléphone;Annulée
V01675;2025-10-04;C0017;P035;COM09;4;129,81 €;3,0%;E-commerce;En cours
V01676;2026-02-18;C0098;P024;COM06;10;296,09 €;3,0%;E-commerce;Annulée
V01677;2026-08-23;C0034;P034;COM04;7;167,26 €;0,0%;E-commerce;Livrée
V01678;2026-01-22;C0096;P019;COM08;3;70,04 €;0,0%;E-commerce;Annulée
V01679;2026-01-29;C0078;P016;COM06;1;68,61 €;0,0%;Téléphone;Livrée
V01680;2026-03-05;C0052;P011;COM10;7;40,67 €;3,0%;Téléphone;Livrée
V01681;2025-03-09;C0044;P018;COM03;12;72,05 €;0,0%;Téléphone;En cours
V01682;2025-06-19;C0146;P006;COM05;11;494,94 €;3,0%;Commercial terrain;En cours
V01683;2025-09-22;C0096;P036;COM08;3;129,43 €;15,0%;Commercial terrain;Annulée
V01684;2025-09-09;C0063;P030;COM01;8;142,49 €;8,0%;Commercial terrain;En cours
V01685;2026-02-19;C0015;P018;COM06;2;75,31 €;8,0%;Téléphone;Livrée
V01686;2025-09-12;C0136;P007;COM09;12;370,99 €;3,0%;Partenaire;En cours
V01687;2026-03-06;C0096;P006;COM08;4;475,42 €;5,0%;E-commerce;Livrée
V01688;2025-02-28;C0128;P030;COM02;3;145,24 €;0,0%;Commercial terrain;Livrée
V01689;2025-05-02;C0087;P034;COM09;8;170,77 €;5,0%;Téléphone;En cours
V01690;2026-03-17;C0068;P017;COM04;10;47,51 €;3,0%;Téléphone;Annulée
V01691;2025-12-01;C0112;P007;COM01;2;348,59 €;10,0%;E-commerce;Livrée
V01692;2026-07-08;C0126;P006;COM10;12;507,31 €;0,0%;E-commerce;En cours
V01693;2025-07-01;C0010;P020;COM01;6;49,87 €;15,0%;Commercial terrain;Annulée
V01694;2025-03-31;C0012;P021;COM09;6;290,45 €;8,0%;E-commerce;Livrée
V01695;2025-01-01;C0052;P027;COM09;8;184,69 €;8,0%;Commercial terrain;Annulée
V01696;2026-06-23;C0020;P010;COM08;2;408,88 €;15,0%;Commercial terrain;Livrée
V01697;2026-06-12;C0026;P016;COM06;12;70,92 €;5,0%;Commercial terrain;Livrée
V01698;2026-04-30;C0133;P035;COM04;5;124,13 €;10,0%;Partenaire;En cours
V01699;2025-08-29;C0088;P015;COM10;4;39,39 €;10,0%;Téléphone;Livrée
V01700;2025-03-23;C0017;P011;COM09;2;43,07 €;0,0%;Téléphone;Livrée
V01701;2025-10-17;C0098;P017;COM06;12;45,56 €;5,0%;E-commerce;Annulée
V01702;2026-08-25;C0086;P033;COM01;11;210,52 €;0,0%;Partenaire;Livrée
V01703;2025-12-20;C0018;P003;COM03;5;575,44 €;15,0%;Partenaire;En cours
V01704;2026-02-12;C0092;P010;COM04;6;424,22 €;10,0%;Partenaire;Livrée
V01705;2026-08-04;C0050;P012;COM05;5;65,34 €;5,0%;Commercial terrain;Livrée
V01706;2025-02-13;C0038;P035;COM03;10;127,53 €;3,0%;Téléphone;Livrée
V01707;2026-03-04;C0011;P025;COM03;12;274,68 €;8,0%;Commercial terrain;Livrée
V01708;2025-01-03;C0028;P035;COM08;4;122,74 €;3,0%;Commercial terrain;Annulée
V01709;2026-02-05;C0053;P003;COM06;8;619,72 €;8,0%;Commercial terrain;Annulée
V01710;2026-04-13;C0013;P023;COM10;1;206,89 €;10,0%;E-commerce;En cours
V01711;2026-03-04;C0136;P022;COM09;10;170,94 €;3,0%;Commercial terrain;Livrée
V01712;2025-08-23;C0073;P018;COM08;1;72,51 €;0,0%;Téléphone;En cours
V01713;2025-09-02;C0117;P030;COM05;1;155,80 €;15,0%;Commercial terrain;Annulée
V01714;2026-07-14;C0123;P035;COM09;12;132,57 €;10,0%;Commercial terrain;Annulée
V01715;2025-02-22;C0147;P037;COM07;11;199,64 €;15,0%;E-commerce;Livrée
V01716;2026-02-03;C0096;P037;COM07;11;190,43 €;10,0%;Partenaire;Livrée
V01717;2025-12-03;C0070;P002;COM02;2;726,80 €;10,0%;Commercial terrain;Livrée
V01718;2025-10-27;C0073;P012;COM08;7;63,49 €;0,0%;Commercial terrain;Livrée
V01719;2025-10-23;C0088;P005;COM09;3;398,95 €;15,0%;E-commerce;Livrée
V01720;2025-03-09;C0077;P009;COM03;8;545,20 €;8,0%;Partenaire;Annulée
V01721;2025-05-06;C0143;P006;COM08;6;516,57 €;3,0%;Téléphone;En cours
V01722;2025-07-13;C0072;P006;COM09;2;475,41 €;3,0%;Téléphone;Annulée
V01723;2026-07-02;C0052;P024;COM10;1;296,63 €;5,0%;Partenaire;Livrée
V01724;2026-06-09;C0120;P012;COM03;4;67,13 €;5,0%;E-commerce;Livrée
V01725;2026-05-22;C0135;P022;COM06;11;174,36 €;0,0%;E-commerce;En cours
V01726;2025-07-12;C0001;P002;COM02;11;807,88 €;10,0%;Commercial terrain;En cours
V01727;2025-01-08;C0089;P006;COM08;3;520,12 €;8,0%;E-commerce;Annulée
V01728;2025-05-20;C0140;P039;COM06;9;143,82 €;3,0%;E-commerce;Annulée
V01729;2025-02-03;C0091;P021;COM05;9;319,68 €;3,0%;E-commerce;Livrée
V01730;2025-02-26;C0085;P018;COM03;7;76,98 €;3,0%;Commercial terrain;En cours
V01731;2025-03-18;C0108;P034;COM05;5;166,73 €;5,0%;E-commerce;Livrée
V01732;2025-10-19;C0095;P006;COM09;3;525,92 €;8,0%;E-commerce;Livrée
V01733;2025-04-27;C0026;P023;COM06;6;220,19 €;0,0%;Téléphone;Annulée
V01734;2025-03-22;C0066;P019;COM01;5;76,82 €;8,0%;E-commerce;Annulée
V01735;2026-08-15;C0085;P007;COM04;7;381,22 €;0,0%;Commercial terrain;En cours
V01736;2025-04-06;C0098;P004;COM06;3;625,93 €;8,0%;E-commerce;Livrée
V01737;2026-05-04;C0012;P025;COM10;7;282,04 €;3,0%;Téléphone;Annulée
V01738;2026-07-29;C0071;P023;COM07;3;200,75 €;8,0%;E-commerce;Livrée
V01739;2026-04-27;C0059;P012;COM03;12;70,06 €;15,0%;Téléphone;En cours
V01740;2025-01-06;C0077;P034;COM03;9;156,05 €;5,0%;Téléphone;Annulée
V01741;2026-02-02;C0052;P024;COM10;3;299,21 €;8,0%;Partenaire;Annulée
V01742;2025-10-22;C0076;P009;COM05;12;551,28 €;10,0%;Partenaire;Livrée
V01743;2025-04-28;C0120;P018;COM03;12;68,68 €;0,0%;E-commerce;Livrée
V01744;2025-05-16;C0012;P017;COM09;12;42,94 €;0,0%;Partenaire;Livrée
V01745;2025-08-12;C0078;P040;COM05;1;157,03 €;10,0%;E-commerce;Livrée
V01746;2026-02-28;C0029;P015;COM04;8;37,74 €;10,0%;E-commerce;Livrée
V01747;2025-11-29;C0122;P036;COM06;11;122,86 €;10,0%;Téléphone;Livrée
V01748;2025-07-31;C0115;P014;COM04;11;44,11 €;10,0%;Téléphone;En cours
V01749;2026-05-16;C0078;P004;COM06;5;620,17 €;5,0%;Téléphone;Livrée
V01750;2025-03-03;C0135;P015;COM06;7;37,56 €;3,0%;Téléphone;Livrée
V01751;2025-10-14;C0048;P001;COM10;8;427,68 €;8,0%;E-commerce;Annulée
V01752;2026-04-11;C0103;P016;COM08;8;70,13 €;15,0%;Commercial terrain;En cours
V01753;2026-02-04;C0077;P033;COM03;4;222,49 €;0,0%;E-commerce;Livrée
V01754;2026-05-13;C0114;P039;COM09;9;142,27 €;0,0%;E-commerce;Livrée
V01755;2026-01-15;C0073;P019;COM07;11;73,67 €;3,0%;Partenaire;Livrée
V01756;2025-03-06;C0029;P020;COM03;5;50,71 €;15,0%;Téléphone;En cours
V01757;2026-06-26;C0001;P002;COM01;6;791,20 €;15,0%;Partenaire;Annulée
V01758;2025-12-16;C0001;P014;COM02;3;39,94 €;3,0%;Partenaire;Livrée
V01759;2025-10-06;C0054;P040;COM10;10;151,04 €;5,0%;Partenaire;Annulée
V01760;2025-07-20;C0070;P003;COM02;6;572,92 €;15,0%;Téléphone;Annulée
V01761;2025-12-08;C0146;P030;COM05;9;137,53 €;0,0%;E-commerce;Annulée
V01762;2025-05-21;C0066;P003;COM02;4;581,41 €;8,0%;E-commerce;Livrée
V01763;2026-07-16;C0129;P016;COM07;12;70,26 €;3,0%;E-commerce;Livrée
V01764;2025-09-20;C0004;P009;COM10;5;567,66 €;5,0%;Téléphone;Livrée
V01765;2025-12-15;C0068;P006;COM03;5;516,71 €;8,0%;Téléphone;Livrée
V01766;2026-05-03;C0078;P001;COM05;8;429,39 €;0,0%;Partenaire;Livrée
V01767;2025-04-13;C0024;P040;COM03;5;143,79 €;10,0%;Commercial terrain;Livrée
V01768;2026-04-09;C9999;P007;COM01;11;372,42 €;10,0%;Commercial terrain;Livrée
V01769;2025-06-26;C0043;P003;COM07;12;559,24 €;15,0%;Téléphone;Livrée
V01770;2025-05-16;C0084;P004;COM04;11;659,28 €;8,0%;Téléphone;Livrée
V01771;2025-05-01;C0055;P021;COM10;11;303,88 €;10,0%;E-commerce;Livrée
V01772;2026-05-01;C0112;P012;COM01;6;62,02 €;0,0%;Partenaire;Livrée
V01773;2025-03-28;C0043;P005;COM07;3;375,96 €;;Téléphone;Livrée
V01774;2025-09-30;C0096;P012;COM08;10;66,36 €;8,0%;Téléphone;En cours
V01775;2026-03-12;C0047;P019;COM02;6;71,18 €;0,0%;E-commerce;Livrée
V01776;2026-02-20;C0084;P037;COM04;8;209,45 €;15,0%;E-commerce;Livrée
V01777;2025-02-25;C0065;P039;COM05;8;137,71 €;10,0%;Téléphone;Livrée
V01778;2026-06-15;C0049;P010;COM09;4;433,05 €;8,0%;E-commerce;Livrée
V01779;2026-07-06;C0023;P036;COM10;9;119,83 €;3,0%;Commercial terrain;Annulée
V01780;2025-05-20;C0048;P030;COM09;8;153,69 €;0,0%;Téléphone;Livrée
V01781;2025-04-02;C0040;P005;COM10;7;391,31 €;8,0%;E-commerce;Livrée
V01782;2026-04-17;C0045;P023;COM02;1;196,54 €;0,0%;E-commerce;Livrée
V01783;2025-02-01;C0023;P012;COM10;12;68,76 €;8,0%;E-commerce;Livrée
V01784;2025-07-14;C0143;P031;COM07;9;183,33 €;0,0%;E-commerce;Livrée
V01785;2025-12-28;C0089;P009;COM08;9;567,85 €;15,0%;Commercial terrain;Livrée
V01786;2025-06-13;C0023;P040;COM09;9;153,47 €;5,0%;E-commerce;Livrée
V01787;2025-06-29;C0082;P022;COM03;7;176,70 €;8,0%;Partenaire;En cours
V01788;2025-01-27;C0013;P001;COM09;11;399,16 €;0,0%;Partenaire;Livrée
V01789;2025-12-16;C0024;P036;COM04;5;127,12 €;5,0%;Partenaire;Annulée
V01790;2025-05-06;C0068;P011;COM04;5;40,48 €;3,0%;Commercial terrain;Livrée
V01791;2026-01-10;C0088;P040;COM09;7;158,61 €;8,0%;E-commerce;En cours
V01792;2025-02-24;C0121;P017;COM01;7;46,29 €;8,0%;Partenaire;Annulée
V01793;2025-12-30;C0006;P010;COM05;2;387,10 €;15,0%;E-commerce;Livrée
V01794;2026-02-06;C0072;P039;COM09;9;144,05 €;3,0%;Commercial terrain;Livrée
V01795;2026-07-15;C0140;P017;COM06;9;43,83 €;10,0%;Téléphone;Annulée
V01796;2025-03-07;C0119;P017;COM04;3;46,72 €;0,0%;Partenaire;Annulée
V01797;2025-10-30;C0046;P029;COM10;5;152,62 €;0,0%;Partenaire;Livrée
V01798;2026-01-13;C0127;P007;COM05;5;391,37 €;3,0%;E-commerce;En cours
V01799;2025-02-11;C0115;P026;COM04;3;306,59 €;15,0%;Commercial terrain;Livrée
V01800;2025-02-13;C0050;P016;COM06;12;74,70 €;3,0%;Téléphone;Livrée
V00955;2026-03-21;C0041;P017;COM04;1;43,38 €;5,0%;Partenaire;Livrée
V00695;2026-08-29;C0112;P020;COM02;6;45,90 €;8,0%;E-commerce;Livrée
V01339;2026-01-14;C0086;P022;COM02;8;181,51 €;0,0%;Téléphone;Annulée
V01226;2025-05-02;C0099;P007;COM10;12;346,79 €;10,0%;Commercial terrain;En cours
V01263;2025-12-07;C0039;P007;COM05;9;352,83 €;15,0%;Partenaire;Annulée
V01801;2026-09-17;C0087;P032;COM09;9;136,06;0;Partenaire;Annulée
V01802;2026-09-28;C0040;P031;COM09;3;191,67;0;Téléphone;Livrée
V01803;2026-09-28;C0044;P018;COM03;12;71,58;0;Téléphone;En cours
V01804;2026-09-24;C0009;P021;COM01;7;291,44;0,08;E-commerce;En cours
V01805;2026-09-17;C0039;P007;COM05;9;351,81;0,15;Partenaire;Annulée
V01806;2026-09-16;C0133;P022;COM03;10;177,75;0,08;E-commerce;Livrée
V01807;2026-09-26;C0029;P022;COM03;9;179;0,1;Commercial terrain;Livrée
V01808;2026-09-16;C0077;P018;COM03;8;77,21;0,03;Commercial terrain;Livrée
V01809;2026-09-29;C0063;P016;COM01;7;73,24;0,03;Commercial terrain;Livrée
V01810;2026-09-24;C0114;P014;COM09;9;42,17;0,08;Téléphone;Annulée
V01811;2026-09-24;C0098;P017;COM06;12;45,63;0,05;E-commerce;Annulée
V01812;2026-09-18;C0047;P006;COM02;6;484,45;0,08;Téléphone;Livrée
V01813;2026-09-28;C0030;P019;COM05;9;75,43;0,03;E-commerce;En cours
V01814;2026-09-16;C0040;P005;COM10;7;383,7;0,08;E-commerce;Livrée
V01815;2026-09-29;C0142;P035;COM05;6;124,61;0,1;Téléphone;En cours
V01816;2026-09-17;C0010;P020;COM01;6;50,32;0,15;Commercial terrain;Annulée
V01817;2026-09-20;C0109;P030;COM03;11;142,63;0;Commercial terrain;En cours
V01818;2026-09-26;C0041;P016;COM04;4;75,54;0;Partenaire;Livrée
V01819;2026-09-24;C0019;P026;COM04;8;320,29;0;Commercial terrain;Livrée
V01820;2026-09-17;C0034;P033;COM04;11;214,6;0,03;E-commerce;Livrée
V01821;2026-09-29;C0102;P007;COM07;7;359,7;0;Commercial terrain;Annulée
V01822;2026-09-16;C0015;P039;COM06;2;135,47;0;Commercial terrain;Livrée
V01823;2026-09-28;C0115;P026;COM04;3;312,32;0,15;Commercial terrain;Livrée
V01824;2026-09-18;C0149;P033;COM02;5;225,1;0,05;E-commerce;Livrée
V01825;2026-09-27;C0038;P031;COM03;7;186,38;0,15;E-commerce;Annulée
V01826;2026-09-29;C0112;P022;COM02;10;173,54;0,1;Téléphone;Livrée
V01827;2026-09-28;C0065;P039;COM05;8;140,2;0,1;Téléphone;Livrée
V01828;2026-09-25;C0012;P002;COM10;2;772,21;0,15;Partenaire;Livrée
V01829;2026-09-28;C0006;P009;COM06;9;514,26;0,1;E-commerce;Annulée
V01830;2026-09-25;C0104;P040;COM01;7;148,88;0,1;E-commerce;Annulée
V01831;2026-09-17;C0017;P010;COM10;4;404,37;0,15;Commercial terrain;En cours
V01832;2026-09-25;C0009;P013;COM02;1;52,62;0,1;Téléphone;En cours
V01833;2026-09-28;C0009;P036;COM01;9;131,17;0;Commercial terrain;Livrée
V01834;2026-09-17;C0101;P015;COM07;3;36,92;0,08;Commercial terrain;Livrée
V01835;2026-09-20;C0142;P001;COM06;1;417,61;0,1;Commercial terrain;Livrée
V01836;2026-09-28;C0127;P035;COM05;6;136,44;0,03;Commercial terrain;En cours
V01837;2026-10-07;C0003;P011;COM03;8;41,97;0,05;E-commerce;Livrée
V01838;2026-10-11;C0026;P023;COM06;6;216,63;0;Téléphone;Annulée
V01839;2026-10-21;C0088;P005;COM09;3;394,14;0,15;E-commerce;Livrée
V01840;2026-10-10;C0004;P007;COM09;5;365,68;0,08;Partenaire;Livrée
V01841;2026-10-07;C0017;P002;COM10;10;751,34;0;Commercial terrain;Annulée
V01842;2026-10-23;C0015;P005;COM06;4;384,54;0;E-commerce;En cours
V01843;2026-10-15;C0101;P013;COM08;7;51,26;0,08;Commercial terrain;En cours
V01844;2026-10-23;C0135;P007;COM05;10;375,04;0,15;E-commerce;Annulée
V01845;2026-10-15;C0124;P026;COM04;11;322,11;0,1;Commercial terrain;En cours
V01846;2026-10-01;C0103;P009;COM08;5;567,64;0,15;Partenaire;Annulée
V01847;2026-10-14;C0030;P021;COM05;2;302,85;0,1;Partenaire;Livrée
V01848;2026-10-11;C0115;P040;COM04;2;157,3;0;Téléphone;Livrée
V01849;2026-10-27;C0043;P035;COM08;12;133,16;0,1;E-commerce;Livrée
V01850;2026-10-08;C0130;P007;COM08;3;372,03;0,03;Téléphone;Livrée
V01851;2026-10-02;C0109;P033;COM04;9;213,34;0,1;Commercial terrain;Annulée
V01852;2026-10-26;C0071;P022;COM07;9;177,46;0,15;Commercial terrain;En cours
V01853;2026-10-22;C0030;P021;COM05;2;302,38;0,1;Partenaire;Livrée
V01854;2026-10-09;C0014;P018;COM06;7;71,29;0,03;E-commerce;Annulée
V01855;2026-10-11;C0066;P019;COM01;5;76,96;0,08;E-commerce;Annulée
V01856;2026-10-25;C0009;P030;COM02;3;142,1;0;Commercial terrain;Livrée
V01857;2026-10-07;C0134;P024;COM10;11;294,39;0;Commercial terrain;En cours
V01858;2026-10-10;C0150;P023;COM08;9;209,82;0,1;E-commerce;Livrée
V01859;2026-10-03;C0079;P018;COM07;1;71,81;0,15;E-commerce;En cours
V01860;2026-10-28;C0055;P004;COM10;4;673,92;0,15;E-commerce;Livrée
V01861;2026-10-31;C0024;P026;COM04;4;325,61;0,03;E-commerce;En cours
V01862;2026-10-04;C0101;P030;COM07;12;140,09;0;Téléphone;En cours
V01863;2026-10-19;C0025;P011;COM09;3;41,77;0,1;Commercial terrain;Annulée
V01864;2026-10-06;C0102;P039;COM07;9;134,1;0,03;Téléphone;Livrée
V01865;2026-10-08;C0072;P014;COM09;5;40,64;0,15;E-commerce;Livrée
V01866;2026-10-03;C0049;P011;COM10;5;39,54;0,1;Partenaire;Livrée
V01867;2026-10-01;C0119;P016;COM04;9;70,03;0,15;E-commerce;Livrée
V01868;2026-10-13;C0087;P034;COM09;8;168,62;0,05;Téléphone;En cours
V01869;2026-10-10;C0055;P013;COM09;11;54,67;0;Téléphone;Livrée
V01870;2026-10-19;C0073;P023;COM07;8;215,07;0;E-commerce;Livrée
V01871;2026-10-16;C0146;P029;COM05;3;159,54;0,03;Téléphone;Annulée
V01872;2026-10-05;C0123;P039;COM09;8;149,03;0,03;E-commerce;Livrée
V01873;2026-10-09;C0051;P037;COM08;3;197,26;0;Commercial terrain;Livrée
V01874;2026-10-02;C0022;P037;COM03;1;205,36;0,15;Partenaire;Livrée
V01875;2026-10-01;C0122;P023;COM05;6;213,88;0,1;Téléphone;Livrée
V01876;2026-10-28;C0145;P033;COM05;10;213,32;0,1;Téléphone;Livrée
V01877;2026-10-31;C0099;P013;COM10;5;53,52;0,15;Partenaire;Annulée
V01878;2026-10-11;C0103;P012;COM08;10;63,8;0;Téléphone;Livrée
V01879;2026-10-21;C0132;P021;COM02;6;316,92;0,1;E-commerce;En cours
V01880;2026-10-24;C0114;P025;COM10;11;265,69;0,15;Téléphone;En cours
V01881;2026-10-03;C0140;P003;COM06;2;594,79;0,03;E-commerce;Livrée
V01882;2026-10-17;C0106;P001;COM03;10;395,21;0;Commercial terrain;Livrée
V01883;2026-10-23;C0096;P015;COM08;9;40,73;0;E-commerce;Livrée
V01884;2026-10-08;C0106;P023;COM03;8;212,34;0,03;Commercial terrain;En cours
V01885;2026-10-15;C0028;P025;COM07;6;267,73;0;Commercial terrain;En cours
V01886;2026-10-12;C0144;P011;COM08;8;38,69;0,03;Partenaire;En cours
V01887;2026-10-27;C0136;P023;COM10;6;215,35;0;Téléphone;Livrée
V01888;2026-10-12;C0041;P017;COM03;11;44,5;0,05;Partenaire;Livrée
V01889;2026-10-15;C0065;P026;COM05;9;309,1;0,08;Partenaire;Annulée
V01890;2026-10-11;C0028;P026;COM07;7;320,19;0;E-commerce;Livrée
V01891;2026-10-16;C0102;P007;COM07;7;356,48;0;Commercial terrain;Annulée
V01892;2026-10-09;C0071;P023;COM07;3;200,39;0,08;E-commerce;Livrée
V01893;2026-10-30;C0010;P002;COM02;12;721,51;0;Téléphone;Annulée
V01894;2026-10-27;C0133;P022;COM03;10;177,89;0,08;E-commerce;Livrée
V01895;2026-10-22;C0120;P030;COM04;9;143,99;0;Partenaire;Livrée
V01896;2026-10-28;C0128;P032;COM01;10;140,67;0,03;Téléphone;Livrée
V01897;2026-10-20;C0109;P031;COM03;8;193,82;0,15;Commercial terrain;Livrée
V01898;2026-10-25;C0083;P026;COM10;2;321,57;0,08;Téléphone;Annulée
V01899;2026-10-07;C0086;P015;COM01;4;38,59;0,15;Partenaire;En cours
V01900;2026-10-25;C0015;P015;COM05;3;38,17;0,08;Téléphone;Livrée
V01901;2026-10-02;C0038;P007;COM04;5;368,08;0;E-commerce;En cours
V01902;2026-10-01;C0035;P011;COM07;11;39;0,05;Partenaire;Livrée
V01903;2026-10-05;C0008;P023;COM08;1;197,09;0;Téléphone;Livrée
V01904;2026-10-23;C0065;P027;COM06;1;186,61;0,08;Téléphone;Annulée
V01905;2026-10-05;C0150;P034;COM08;1;154,62;0,1;Téléphone;Livrée
V01906;2026-10-02;C0143;P006;COM08;6;507,98;0,03;Téléphone;En cours
V01907;2026-10-08;C0035;P024;COM08;7;308,13;0,08;Partenaire;Livrée
V01908;2026-10-20;C0120;P036;COM04;6;132,7;0,08;Partenaire;Livrée
V01909;2026-10-05;C0088;P013;COM09;7;57,45;0;E-commerce;Livrée
V01910;2026-10-27;C0076;P005;COM05;5;352,78;0;E-commerce;Livrée
V01911;2026-10-13;C0103;P019;COM08;3;78,88;0,15;Commercial terrain;Annulée
V01912;2026-10-17;C0139;P031;COM05;5;190,9;0,08;Partenaire;Livrée
V01913;2026-10-01;C0073;P019;COM07;11;72,8;0,03;Partenaire;Livrée
V01914;2026-10-20;C0038;P031;COM03;7;183,54;0,15;E-commerce;Annulée
V01915;2026-10-05;C0120;P012;COM03;4;66,48;0,05;E-commerce;Livrée
V01916;2026-10-24;C0091;P016;COM06;7;73,27;0,05;Commercial terrain;En cours
V01917;2026-10-24;C0033;P022;COM01;3;184,05;0,15;Commercial terrain;En cours
V01918;2026-10-05;C0105;P013;COM10;1;54,54;0,03;E-commerce;En cours
V01919;2026-10-23;C0029;P020;COM04;9;48,53;0,08;Commercial terrain;Livrée
V01920;2026-10-18;C0128;P007;COM02;2;382,14;0;E-commerce;Livrée
V01921;2026-10-26;C0080;P012;COM03;5;64,67;0,08;Téléphone;En cours
V01922;2026-10-05;C0003;P035;COM04;8;126,72;0;E-commerce;En cours
V01923;2026-10-17;C0015;P032;COM06;11;131,67;0;Partenaire;En cours
V01924;2026-10-18;C0099;P007;COM10;12;343,65;0,1;Commercial terrain;En cours
V01925;2026-10-19;C0038;P036;COM03;5;117,47;0,03;Commercial terrain;Livrée
V01926;2026-10-16;C0144;P005;COM07;8;358,58;0,05;Partenaire;Livrée
V01927;2026-10-26;C0135;P005;COM05;11;400,8;0,1;Commercial terrain;Livrée
V01928;2026-10-28;C0103;P035;COM08;11;133,18;0,08;Téléphone;Livrée
V01929;2026-10-07;C0124;P002;COM04;12;748,94;0;Commercial terrain;En cours
V01930;2026-10-26;C0124;P036;COM03;1;125,89;0,1;Partenaire;Livrée
V01931;2026-10-09;C0027;P031;COM01;6;172,51;0,03;Commercial terrain;Livrée
V01932;2026-10-14;C0016;P018;COM05;3;73,45;0,05;E-commerce;Livrée
V01933;2026-10-22;C0104;P027;COM01;7;201,45;0,05;Partenaire;En cours
V01934;2026-10-20;C0102;P018;COM07;2;66,74;0,05;Partenaire;En cours
V01935;2026-10-01;C0134;P035;COM09;7;131,37;0;Commercial terrain;Annulée
V01936;2026-10-08;C0048;P022;COM10;6;168,82;0,08;Commercial terrain;Livrée
V01937;2026-10-29;C0124;P012;COM03;10;62,91;0;Commercial terrain;Livrée
V01938;2026-10-27;C0133;P024;COM04;2;297,22;0;Téléphone;Livrée
V01939;2026-10-02;C0089;P019;COM08;9;70,58;0,15;Commercial terrain;Livrée
V01940;2026-10-12;C0066;P025;COM02;3;294,76;0;Partenaire;Livrée
V01941;2026-10-19;C0051;P030;COM07;12;150,38;0,03;Téléphone;Annulée
V01942;2026-10-14;C0053;P037;COM05;7;205,87;0;Commercial terrain;Livrée
V01943;2026-10-29;C0144;P005;COM07;4;398,06;0,08;Commercial terrain;En cours
V01944;2026-10-15;C0003;P014;COM03;2;45,1;0;Commercial terrain;Annulée
V01945;2026-10-14;C0113;P013;COM08;8;51,54;0,05;Partenaire;Livrée
V01946;2026-10-28;C0052;P016;COM09;1;69,56;0,1;Commercial terrain;Annulée
V01947;2026-10-26;C0098;P003;COM05;12;596,04;0,03;Téléphone;Livrée
V01948;2026-11-30;C0101;P003;COM08;7;615,46;0,03;E-commerce;En cours
V01949;2026-11-12;C0133;P032;COM03;10;136,03;0,05;E-commerce;Livrée
V01950;2026-11-03;C0089;P006;COM08;3;513,72;0,08;E-commerce;Annulée
V01951;2026-11-06;C0019;P029;COM03;3;154,87;0,15;Téléphone;Livrée
V01952;2026-11-21;C0001;P010;COM02;11;413,65;0,08;E-commerce;Livrée
V01953;2026-11-30;C0017;P002;COM10;10;761,65;0;Commercial terrain;Annulée
V01954;2026-11-28;C0105;P013;COM10;1;54,49;0,03;E-commerce;En cours
V01955;2026-11-25;C0120;P010;COM04;5;385,49;0,08;Téléphone;Livrée
V01956;2026-11-20;C0038;P025;COM03;7;286,82;0,15;E-commerce;Livrée
V01957;2026-11-16;C0145;P019;COM06;2;78,31;0,1;E-commerce;Livrée
V01958;2026-11-08;C0091;P027;COM06;2;194,7;0,03;Partenaire;Annulée
V01959;2026-11-07;C0145;P033;COM05;10;212,5;0,1;Téléphone;Livrée
V01960;2026-11-19;C0053;P003;COM06;8;614,81;0,08;Commercial terrain;Annulée
V01961;2026-11-02;C0015;P005;COM06;4;381,88;0;E-commerce;En cours
V01962;2026-11-08;C0116;P021;COM09;6;300,33;0,1;E-commerce;Livrée
V01963;2026-11-26;C0128;P022;COM02;3;181,18;0,08;Commercial terrain;Livrée
V01964;2026-11-24;C0117;P009;COM05;12;545,89;0,15;Téléphone;Livrée
V01965;2026-11-28;C0062;P024;COM06;3;285,85;0,08;Commercial terrain;Livrée
V01966;2026-11-13;C0088;P040;COM09;7;154,43;0,03;Téléphone;Livrée
V01967;2026-11-22;C0010;P026;COM01;11;300,86;0;Téléphone;Annulée
V01968;2026-11-12;C0083;P016;COM10;7;72,72;0,1;E-commerce;Livrée
V01969;2026-11-28;C0041;P026;COM04;3;328,8;0,05;Téléphone;Livrée
V01970;2026-11-01;C0041;P016;COM04;4;75,05;0;Partenaire;Livrée
V01971;2026-11-24;C0111;P039;COM10;2;131,92;0;Commercial terrain;En cours
V01972;2026-11-22;C0076;P011;COM05;12;41,33;0;Commercial terrain;Annulée
V01973;2026-11-11;C0003;P003;COM04;1;612,5;0,1;E-commerce;En cours
V01974;2026-11-01;C0098;P022;COM05;11;164,25;0,05;Commercial terrain;Livrée
V01975;2026-11-17;C0082;P005;COM03;10;364,72;0;E-commerce;Annulée
V01976;2026-11-09;C0142;P029;COM06;10;152,81;0,03;E-commerce;En cours
V01977;2026-11-27;C0125;P030;COM03;5;141,58;0,03;Commercial terrain;Livrée
V01978;2026-11-04;C0142;P013;COM05;10;54,01;0,08;E-commerce;Livrée
V01979;2026-11-25;C0047;P006;COM02;8;526,71;0,1;Partenaire;Livrée
V01980;2026-11-23;C0092;P037;COM03;7;193,8;0,1;Partenaire;Annulée
V01981;2026-11-29;C0059;P021;COM04;10;312,19;0;Téléphone;Livrée
V01982;2026-11-11;C0055;P006;COM09;9;474,54;0,15;E-commerce;Livrée
V01983;2026-11-23;C0024;P014;COM04;2;43,51;0,05;Commercial terrain;En cours
V01984;2026-11-18;C0029;P022;COM04;8;178,78;0;E-commerce;Livrée
V01985;2026-11-29;C0011;P025;COM03;12;274,87;0,08;Commercial terrain;Livrée
V01986;2026-11-11;C0014;P007;COM06;8;380,21;0,15;E-commerce;Livrée
V01987;2026-11-07;C0049;P022;COM09;10;171,91;0,15;Commercial terrain;Livrée
V01988;2026-11-05;C0076;P035;COM06;7;123,82;0;Commercial terrain;Livrée
V01989;2026-11-05;C0022;P006;COM03;12;523,58;0;Partenaire;Livrée
V01990;2026-11-13;C0088;P033;COM10;9;213,23;0;Partenaire;Livrée
V01991;2026-11-05;C0029;P034;COM04;2;172,6;0,05;Téléphone;Livrée
V01992;2026-11-11;C0116;P005;COM10;9;396,74;0,08;E-commerce;Livrée
V01993;2026-11-13;C0048;P025;COM10;3;281,1;0;Commercial terrain;Livrée
V01994;2026-11-28;C0042;P017;COM01;2;42,43;0,03;Téléphone;En cours
V01995;2026-11-17;C0144;P034;COM08;2;168,63;0,15;Téléphone;Livrée
V01996;2026-11-20;C0132;P027;COM01;10;204,6;0,08;Commercial terrain;Annulée
V01997;2026-11-25;C0109;P003;COM03;11;569,68;0,15;Commercial terrain;En cours
V01998;2026-11-21;C0062;P034;COM06;4;153,54;0;Commercial terrain;Livrée
V01999;2026-11-30;C0031;P033;COM02;8;214,69;0;Partenaire;Livrée
V02000;2026-11-20;C0054;P040;COM10;10;152,81;0,05;Partenaire;Annulée
V02001;2026-11-18;C0121;P037;COM01;11;199,36;0,15;E-commerce;Annulée
V02002;2026-11-02;C0039;P017;COM05;12;44,64;0,15;Partenaire;Livrée
V02003;2026-11-17;C0105;P024;COM09;4;314,54;0,1;E-commerce;Annulée
V02004;2026-11-11;C0096;P015;COM08;7;38,58;0;Commercial terrain;Livrée
V02005;2026-11-15;C0040;P015;COM09;12;37,26;0,1;E-commerce;Livrée
V02006;2026-11-08;C0142;P001;COM06;1;407,32;0,1;Commercial terrain;Livrée
V02007;2026-11-22;C0124;P029;COM03;3;152,58;0,03;Téléphone;Annulée
V02008;2026-11-22;C0125;P031;COM04;7;172,09;0,15;E-commerce;Livrée
V02009;2026-11-11;C0095;P031;COM10;2;177,22;0,03;Partenaire;Livrée
V02010;2026-11-08;C0121;P007;COM02;3;362,26;0,08;Commercial terrain;Livrée
V02011;2026-11-26;C0065;P026;COM06;6;320,86;0,1;E-commerce;En cours
V02012;2026-11-30;C0083;P040;COM09;12;160,39;0,05;Commercial terrain;Livrée
V02013;2026-11-05;C0026;P016;COM06;12;70,91;0,05;Commercial terrain;Livrée
V02014;2026-11-03;C0059;P033;COM04;8;215,32;0,15;Partenaire;Annulée
V02015;2026-11-28;C0129;P016;COM07;12;70,59;0,03;E-commerce;Livrée
V02016;2026-11-26;C0014;P018;COM06;7;71,14;0,03;E-commerce;Annulée
V02017;2026-11-07;C0147;P034;COM07;4;154,97;0,1;Partenaire;En cours
V02018;2026-11-16;C0139;P002;COM06;3;754,96;0,03;Téléphone;Annulée
V02019;2026-11-09;C0011;P034;COM04;3;171,25;0,15;Commercial terrain;Livrée
V02020;2026-11-16;C0076;P003;COM05;2;556,83;0,15;E-commerce;En cours
V02021;2026-11-12;C0001;P033;COM02;2;221,88;0,03;Commercial terrain;Livrée
V02022;2026-11-12;C0106;P025;COM03;5;267,24;0;Commercial terrain;En cours
V02023;2026-11-11;C0133;P032;COM03;10;136,54;0,05;E-commerce;Livrée
V02024;2026-11-23;C0034;P037;COM04;11;204,81;0,03;Partenaire;Annulée
V02025;2026-11-02;C0088;P040;COM09;7;155,94;0,03;Téléphone;Livrée
V02026;2026-11-13;C0039;P030;COM05;10;154,62;0,03;Téléphone;Livrée
V02027;2026-11-14;C0040;P007;COM10;12;354,5;0;Partenaire;Livrée
V02028;2026-11-08;C0056;P021;COM02;8;300,85;0;E-commerce;Livrée
V02029;2026-11-13;C0111;P037;COM09;10;207,27;0;Partenaire;Livrée
V02030;2026-12-23;C0083;P034;COM09;11;161,11;0,03;Partenaire;Livrée
V02031;2026-12-19;C0091;P033;COM06;12;212,01;0;Commercial terrain;Livrée
V02032;2026-12-11;C0047;P017;COM02;8;43,51;0,08;E-commerce;Livrée
V02033;2026-12-12;C0010;P002;COM02;12;731,68;0;Téléphone;Annulée
V02034;2026-12-09;C0046;P012;COM10;3;64,4;0,03;Partenaire;Livrée
V02035;2026-12-10;C0013;P023;COM09;8;217,55;0;Commercial terrain;Livrée
V02036;2026-12-31;C0041;P017;COM04;1;44,03;0,05;Partenaire;Livrée
V02037;2026-12-25;C0019;P006;COM04;7;511,11;0,15;Téléphone;Annulée
V02038;2026-12-27;C0091;P025;COM05;7;270;0,15;Partenaire;Livrée
V02039;2026-12-27;C0127;P023;COM05;5;204,2;0,05;Téléphone;Livrée
V02040;2026-12-31;C0119;P027;COM03;6;202,36;0;Partenaire;Livrée
V02041;2026-12-20;C0005;P017;COM02;4;44,41;0,08;Téléphone;Annulée
V02042;2026-12-20;C0102;P011;COM07;10;40,06;0;Partenaire;Livrée
V02043;2026-12-02;C0009;P022;COM01;7;185,46;0;Commercial terrain;En cours
V02044;2026-12-13;C0096;P015;COM08;7;37,56;0;Commercial terrain;Livrée
V02045;2026-12-01;C0143;P025;COM07;9;277,49;0,03;Commercial terrain;Annulée
V02046;2026-12-01;C0051;P001;COM07;11;419,25;0;Commercial terrain;Livrée
V02047;2026-12-01;C0054;P011;COM09;2;42,19;0,03;Téléphone;Livrée
V02048;2026-12-14;C0050;P035;COM05;3;124,19;0,08;Partenaire;Livrée
V02049;2026-12-12;C0144;P011;COM08;8;38,93;0,03;Partenaire;En cours
V02050;2026-12-28;C0033;P024;COM02;12;325,11;0,05;Téléphone;Livrée
V02051;2026-12-07;C0075;P034;COM01;8;162,7;0;Partenaire;Annulée
V02052;2026-12-30;C0003;P040;COM03;9;146,55;0;Partenaire;Livrée
V02053;2026-12-02;C0086;P022;COM02;8;180,27;0;Téléphone;Annulée
V02054;2026-12-10;C0086;P039;COM02;12;138,88;0;E-commerce;Livrée
V02055;2026-12-17;C0147;P031;COM08;10;174,79;0;E-commerce;Annulée
V02056;2026-12-31;C0109;P018;COM03;2;76,83;0,1;E-commerce;Livrée
V02057;2026-12-30;C0075;P025;COM02;6;296,62;0;Commercial terrain;Annulée
V02058;2026-12-04;C0085;P040;COM03;7;156,56;0;E-commerce;Livrée
V02059;2026-12-25;C0017;P009;COM10;7;546,12;0,1;Partenaire;Livrée
V02060;2026-12-07;C0053;P020;COM05;8;46,44;0,1;E-commerce;Livrée
V02061;2026-12-20;C0109;P009;COM04;7;555,08;0,15;E-commerce;Annulée
V02062;2026-12-09;C0139;P003;COM06;1;568,36;0,08;Partenaire;Livrée
V02063;2026-12-29;C0085;P013;COM03;11;55,38;0,08;E-commerce;Livrée
V02064;2026-12-14;C0147;P010;COM07;9;436,05;0;Partenaire;Livrée
V02065;2026-12-27;C0077;P010;COM04;12;410,73;0,08;Partenaire;Annulée
V02066;2026-12-08;C0145;P026;COM05;9;293,72;0,08;E-commerce;Livrée
V02067;2026-12-04;C0086;P032;COM01;6;139,63;0;Téléphone;En cours
V02068;2026-12-09;C0070;P026;COM02;5;331,43;0,05;Commercial terrain;Livrée
V02069;2026-12-30;C0010;P002;COM02;9;729,34;0,03;E-commerce;Livrée
V02070;2026-12-21;C0113;P023;COM07;4;201,32;0;Commercial terrain;Livrée
V02071;2026-12-11;C0106;P025;COM03;5;265,2;0;Commercial terrain;En cours
V02072;2026-12-05;C0007;P027;COM09;9;194,14;0;Téléphone;Annulée
V02073;2026-12-05;C0048;P036;COM10;3;128,46;0;E-commerce;Livrée
V02074;2026-12-27;C0078;P015;COM06;3;36,41;0;Téléphone;Livrée
V02075;2026-12-19;C0119;P032;COM04;6;149,87;0,05;Téléphone;En cours
V02076;2026-12-31;C0112;P007;COM01;2;354,78;0,1;E-commerce;Livrée
V02077;2026-12-11;C0103;P023;COM07;7;198,43;0,03;Commercial terrain;En cours
V02078;2026-12-16;C0039;P007;COM05;9;358,63;0,15;Partenaire;Annulée
V02079;2026-12-24;C0039;P013;COM05;4;57,17;0,03;Téléphone;Livrée
V02080;2026-12-31;C0048;P025;COM10;3;278,09;0;Commercial terrain;Livrée
V02081;2026-12-07;C0149;P034;COM01;12;157,71;0,1;E-commerce;Livrée
V02082;2026-12-29;C0049;P011;COM10;5;39,84;0,1;Partenaire;Livrée
V02083;2026-12-10;C0082;P022;COM03;7;179,79;0,08;Partenaire;En cours
V02084;2026-12-10;C0140;P006;COM06;7;521,58;0,1;E-commerce;Annulée
V02085;2026-12-01;C0050;P016;COM06;12;73,6;0,03;Téléphone;Livrée
V02086;2026-12-08;C0082;P013;COM04;3;56,05;0,1;Partenaire;Livrée
V02087;2026-12-15;C0046;P015;COM10;4;39,2;0,05;Commercial terrain;Livrée
V02088;2026-12-08;C0059;P021;COM03;1;293,84;0;Commercial terrain;Livrée
V02089;2026-12-16;C0012;P004;COM10;8;700,44;0,1;E-commerce;Annulée
V02090;2026-12-29;C0018;P019;COM04;11;71,73;0,03;Commercial terrain;Livrée
V02091;2026-12-01;C0047;P021;COM02;12;318,92;0;Téléphone;Livrée
V02092;2026-12-27;C0054;P040;COM10;3;147,88;0;Téléphone;Livrée
V02093;2026-12-25;C0015;P032;COM06;11;132,01;0;Partenaire;En cours
V02094;2026-12-01;C0070;P026;COM02;5;324,64;0,05;Commercial terrain;Livrée
V02095;2026-12-05;C0084;P035;COM04;11;123,18;0,05;Commercial terrain;Livrée
V02096;2026-12-08;C0144;P029;COM07;8;151,81;0,03;Commercial terrain;Livrée
V02097;2026-12-17;C0001;P004;COM02;10;665,09;0,15;Partenaire;En cours
V02098;2026-12-02;C0055;P029;COM10;9;151,98;0,15;E-commerce;En cours
V02099;2026-12-31;C0053;P003;COM06;8;609,75;0,08;Commercial terrain;Annulée
V02100;2026-12-19;C0103;P016;COM08;8;69,44;0,15;Commercial terrain;En cours
V02101;2026-12-25;C0075;P029;COM01;10;157,16;0;E-commerce;Livrée
V02102;2026-12-31;C0148;P016;COM08;7;76,87;0,03;E-commerce;Annulée
V02103;2026-12-16;C0012;P021;COM09;6;291,52;0,08;E-commerce;Livrée
V02104;2026-12-02;C0068;P011;COM04;5;40,25;0,03;Commercial terrain;Livrée
V02105;2026-12-31;C0102;P039;COM07;9;138,42;0,03;Téléphone;Livrée
V02106;2026-12-16;C0083;P027;COM10;7;188,2;0,05;E-commerce;En cours
V02107;2026-12-06;C0038;P012;COM03;8;71,31;0,08;Commercial terrain;Livrée
V02108;2026-12-14;C0073;P023;COM07;8;219,5;0;E-commerce;Livrée
V02109;2026-12-30;C0080;P029;COM04;6;163,75;0;Commercial terrain;Livrée
